geo,time,GOOGLE_IMPS,LINKEDIN_IMPS,LINKEDINABM_IMPS,DISPLAYABM_IMPS,VIDEOABM_IMPS,AUDIO_IMPS,DISPLAY_IMPS,VIDEO_IMPS,TEADS_IMPS,YOUTUBE_IMPS,CLICKS_GOOGLE,CLICKS_LINKEDIN,CLICKS_LINKEDIN_ABM,CLICKS_ABM_DISPLAY,CLICKS_ABM_VIDEO,CLICKS_AUDIO,CLICKS_DISPLAY,CLICKS_VIDEO,CLICKS_TEADS,CLICKS_YOUTUBE,GOOGLE_SPEND,LINKEDIN_SPEND,LINKEDINABM_SPEND,DISPLAYABM_SPEND,VIDEOABM_SPEND,AUDIO_SPEND,DISPLAY_SPEND,VIDEO_SPEND,TEADS_SPEND,YOUTUBE_SPEND,TOTAL_SPEND,MONTH,TOTAL_IMPS,TOTAL_IMPS_DAY,SAME_DAY_ENTRIES,CONVERSIONS_DAY,conversions,REV_PER_CONVERSION
North America,2024-03-11,0,18018,0,0,0,0,0,0,0,0,0,41,0,0,0,0,0,0,0,0,0.0,L,0,0.0,0.0,0,0.0,0.0,0.0,0.0,314.76,2024-03,18018,54995,3,305,100,87.19
North America,2024-03-12,0,16234,0,0,0,0,0,0,0,0,0,45,0,0,0,0,0,0,0,0,0.0,361.76,0,0.0,0.0,0,0.0,0.0,0.0,0.0,361.76,2024-03,16234,51349,3,281,89,87.19
North America,2024-03-13,0,15005,0,0,0,0,0,0,0,0,0,38,0,0,0,0,0,0,0,0,0.0,315.14,0,0.0,0.0,0,0.0,0.0,0.0,0.0,315.14,2024-03,15005,47836,4,253,79,87.19
North America,2024-03-14,0,13443,0,0,0,0,0,0,0,0,0,36,0,0,0,0,0,0,0,0,0.0,275.7,0,0.0,0.0,0,0.0,0.0,0.0,0.0,275.7,2024-03,13443,50497,4,294,78,87.19
North America,2024-03-15,0,12629,0,0,0,0,0,0,0,0,0,30,0,0,0,0,0,0,0,0,0.0,250.51,0,0.0,0.0,0,0.0,0.0,0.0,0.0,250.51,2024-03,12629,45730,4,276,76,87.19
North America,2024-03-16,0,9369,0,0,0,0,0,0,0,0,0,28,0,0,0,0,0,0,0,0,0.0,214.19,0,0.0,0.0,0,0.0,0.0,0.0,0.0,214.19,2024-03,9369,37169,4,271,68,87.19
North America,2024-03-17,0,6962,0,0,0,0,0,0,0,0,0,23,0,0,0,0,0,0,0,0,0.0,189.78,0,0.0,0.0,0,0.0,0.0,0.0,0.0,189.78,2024-03,6962,32169,4,233,50,87.19
North America,2024-03-18,111,17334,0,4,1,0,19288,12241,0,10730,20,48,0,0,0,0,21,23,0,36,110.2,411.83,0,87.8,21.95,0,1558.45,87.8,0.0,214.6,2492.63,2024-03,59709,139643,4,52,22,87.19
North America,2024-03-19,682,21702,0,20,0,0,19440,12022,8066,11768,36,100,0,0,0,0,20,12,17,26,198.36,814.68,0,439.0,0.0,0,1580.4,87.8,160.86,235.36,3516.46,2024-03,73700,174449,4,63,27,87.19
North America,2024-03-20,756,20624,0,0,0,0,19680,11794,8465,11236,61,128,0,0,0,0,15,5,8,16,336.11,1037.36,0,0.0,0.0,0,1470.65,87.8,168.76,224.72,3325.4,2024-03,72555,161110,4,64,29,87.19
North America,2024-03-21,438,13900,0,0,0,0,25050,11809,8074,11676,73,88,0,0,0,0,27,9,13,32,402.23,681.2,0,0.0,0.0,0,1470.65,87.8,161.0,233.52,3036.4,2024-03,70947,146478,4,107,52,87.19
North America,2024-03-22,339,25768,0,0,0,0,26280,11432,7636,11424,74,156,0,0,0,0,18,8,10,17,407.74,1260.23,0,0.0,0.0,0,1514.55,87.8,152.14,228.48,3650.94,2024-03,82879,183875,4,91,41,87.19
North America,2024-03-23,573,17296,0,0,0,0,24135,11190,7601,11405,72,140,0,0,0,0,11,13,8,12,396.72,1158.22,0,0.0,0.0,0,1426.75,87.8,151.72,228.1,3449.31,2024-03,72200,157928,4,53,24,87.19
North America,2024-03-24,572,13271,0,0,0,0,25996,11019,7587,11353,101,84,0,0,0,0,15,13,9,17,556.51,679.07,0,0.0,0.0,0,1448.7,87.8,151.32,227.06,3150.46,2024-03,69798,150437,4,58,27,87.19
North America,2024-03-25,720,19892,0,0,0,0,25519,11001,7690,11461,92,128,0,0,0,0,30,10,16,14,506.92,1008.42,0,0.0,0.0,0,1470.65,87.8,153.32,229.22,3456.33,2024-03,76283,172428,4,57,25,87.19
North America,2024-03-26,740,21741,0,4,0,0,25351,11268,7511,11526,90,152,0,1,0,0,29,8,10,14,495.9,1257.48,0,65.85,0.0,0,1602.35,87.8,149.86,230.52,3889.76,2024-03,78141,173900,4,69,31,87.19
North America,2024-03-27,762,6491,0,0,0,0,23678,11146,7636,11568,99,58,0,0,0,0,13,14,5,12,545.49,481.14,0,0.0,0.0,0,1492.6,87.8,152.36,231.36,2990.75,2024-03,61281,124563,4,71,35,87.19
North America,2024-03-28,686,0,0,0,0,0,21131,11270,7754,9991,110,3,0,0,0,0,11,15,8,20,606.1,21.21,0,0.0,0.0,0,1514.55,87.8,154.78,199.82,2584.26,2024-03,50832,95944,4,62,33,87.19
North America,2024-03-29,532,0,0,0,0,0,15943,8293,5784,9254,72,0,0,0,0,0,14,12,10,8,396.72,0,0,0.0,0.0,0,1141.4,65.85,115.5,185.08,1904.55,2024-03,39806,78068,4,47,24,87.19
North America,2024-03-30,750,0,0,0,0,0,23278,11344,7529,10420,117,0,0,0,0,0,24,15,8,16,644.67,0,0,0.0,0.0,0,1382.85,87.8,150.06,208.4,2473.78,2024-03,53321,97510,4,45,25,87.19
North America,2024-03-31,490,0,0,0,0,0,23376,7963,5527,9799,89,0,0,0,0,0,14,8,10,11,490.39,0,0,0.0,0.0,0,1229.2,65.85,110.18,195.98,2091.6,2024-03,47155,84373,4,40,22,87.19
North America,2024-04-01,388,0,0,0,0,0,15033,9863,5297,9356,48,0,0,0,0,0,7,17,6,33,264.48,0,0,0.0,0.0,0,1009.7,65.85,105.36,187.12,1632.51,2024-04,39937,72636,4,42,23,87.19
North America,2024-04-02,0,0,0,0,0,0,14784,7528,6244,8533,0,0,0,0,0,0,15,8,14,10,0.0,0,0,0.0,0.0,0,856.05,65.85,124.62,170.66,1217.18,2024-04,37089,53343,3,20,14,87.19
North America,2024-04-03,36,0,0,1,0,0,8517,3493,1472,3307,1,0,0,0,0,0,6,0,2,16,5.51,0,0,21.95,0.0,0,746.3,21.95,29.32,66.14,891.17,2024-04,16826,32577,3,19,10,87.19
North America,2024-04-04,0,0,0,0,0,0,15198,7642,6190,8711,0,0,0,0,0,0,11,5,13,10,0.0,0,0,0.0,0.0,0,746.3,65.85,123.38,174.22,1109.75,2024-04,37741,50646,4,42,31,87.19
North America,2024-04-05,449,0,0,0,0,0,8305,3425,1481,3250,24,0,0,0,0,0,8,7,6,2,132.24,0,0,0.0,0.0,0,614.6,21.95,29.56,65.0,863.35,2024-04,16910,36739,3,47,22,87.19
North America,2024-04-06,0,0,0,0,0,0,16436,7900,6271,8565,0,0,0,0,0,0,17,5,10,12,0.0,0,0,0.0,0.0,0,899.95,65.85,125.0,171.3,1262.1,2024-04,39172,52446,0,56,42,87.19
North America,2024-04-07,2609,0,0,0,0,0,5692,3546,1568,3481,148,1,0,0,0,0,6,1,4,14,815.48,10.93,0,0.0,0.0,0,417.05,21.95,31.24,69.62,1366.27,2024-04,16896,34330,0,70,34,87.19
North America,2024-04-08,0,0,0,0,0,0,19662,7983,6281,8796,0,0,0,0,0,0,21,6,6,12,0.0,0,0,0.0,0.0,0,1053.6,65.85,125.34,175.92,1420.71,2024-04,42722,59029,0,42,30,87.19
North America,2024-04-09,2546,0,0,0,0,0,4542,0,0,0,165,0,0,0,0,0,1,0,0,0,909.15,0,0,0.0,0.0,0,197.55,0.0,0.0,0.0,1106.7,2024-04,7088,23169,0,39,12,87.19
North America,2024-04-10,0,0,0,0,0,0,19403,11247,7733,12391,0,0,0,0,0,0,12,16,14,22,0.0,0,0,0.0,0.0,0,1229.2,87.8,154.3,247.82,1719.12,2024-04,50774,68364,0,20,15,87.19
North America,2024-04-11,0,0,0,0,0,0,0,0,0,0,0,0,0,0,0,0,0,0,0,0,0.0,0,0,0.0,0.0,0,0.0,0.0,0.0,0.0,0.0,0,0,0,0,0,0,0.0
North America,2024-04-12,2586,0,0,0,0,0,16448,8191,5836,8618,189,0,0,0,0,0,14,7,13,10,1041.39,0,0,0.0,0.0,0,1141.4,65.85,116.32,172.36,2537.32,2024-04,41679,66328,0,18,11,87.19
North America,2024-04-13,0,0,0,0,0,0,8590,2960,1797,4231,0,0,0,0,0,0,6,5,6,4,0.0,0.0,0,0.0,0.0,0,241.45,21.95,35.74,84.62,383.76,2024-04,17578,22977,0,9,7,87.19
North America,2024-04-14,3677,0,0,0,0,0,4571,0,0,0,249,0,0,0,0,0,4,0,0,0,1371.99,0.0,0,0.0,0.0,0,175.6,0.0,0.0,0.0,1547.59,2024-04,8248,21300,0,6,2,87.19
North America,2024-04-15,0,0,0,0,0,0,23320,11243,7583,12997,0,0,0,0,0,0,15,11,13,18,0.0,0.0,0,0.0,0.0,0,1229.2,87.8,151.28,259.94,1728.22,2024-04,55143,71717,0,27,21,87.19
North America,2024-04-16,0,0,0,0,0,0,0,0,0,0,0,0,0,0,0,0,0,0,0,0,0.0,0,0,0.0,0.0,0,0.0,0.0,0.0,0.0,0.0,0,0,0,0,0,0,0.0
North America,2024-04-17,2809,0,0,0,0,0,8428,4657,3822,6111,143,0,0,0,0,0,15,4,9,22,787.93,0.0,0,0.0,0.0,0,812.15,43.9,76.24,122.22,1842.44,2024-04,25827,48270,0,53,28,87.19
North America,2024-04-18,0,0,0,0,0,0,18524,6297,3930,7076,0,0,0,0,0,0,21,12,7,9,0.0,0.0,0,0.0,0.0,0,812.15,43.9,78.34,141.52,1075.91,2024-04,35827,49690,0,40,29,87.19
North America,2024-04-19,472,0,0,0,0,0,25847,10919,7665,12748,75,0,0,0,0,0,17,18,13,8,413.25,0.0,0,0.0,0.0,0,1426.75,87.8,152.96,254.96,2335.72,2024-04,57651,95159,0,152,92,87.19
North America,2024-04-20,281,0,0,0,0,0,24430,11100,7660,12469,26,0,0,0,0,0,17,11,15,24,143.26,0.0,0,0.0,0.0,0,1448.7,87.8,152.48,249.38,2081.62,2024-04,55940,93613,0,129,77,87.19
North America,2024-04-21,72,0,0,0,0,0,25470,11141,7807,12532,0,0,0,0,0,0,16,14,28,22,0.0,0.0,0,0.0,0.0,0,1404.8,87.8,155.36,250.64,1898.6,2024-04,57022,94378,0,89,54,87.19
North America,2024-04-22,16,0,0,0,0,0,8757,5088,3767,5807,2,0,0,0,0,0,9,5,8,10,11.02,0.0,0,0.0,0.0,0,768.25,43.9,75.06,116.14,1014.37,2024-04,23435,44123,0,125,66,87.19
North America,2024-04-23,0,0,0,0,0,0,14580,6368,3925,6678,0,0,0,0,0,0,9,12,5,10,0.0,0.0,0,0.0,0.0,0,680.45,43.9,78.08,133.56,935.99,2024-04,31551,45081,0,160,112,87.19
North America,2024-04-24,53,0,0,0,0,0,21533,11050,7537,12315,2,0,0,0,0,0,13,7,19,20,11.02,0.0,0,0.0,0.0,0,1360.9,87.8,149.96,246.3,1855.98,2024-04,52488,85277,0,143,88,87.19
North America,2024-04-25,40,0,0,1,0,0,24414,11339,7504,12247,1,0,0,1,0,0,22,12,17,22,5.51,0.0,0,21.95,0.0,0,1251.15,87.8,149.36,244.94,1760.71,2024-04,55545,89274,0,169,105,87.19
North America,2024-04-26,64,0,0,0,0,0,25647,11425,7852,12259,4,0,0,0,0,0,12,9,13,10,22.04,0.0,0,0.0,0.0,0,1404.8,87.8,156.22,245.18,1916.04,2024-04,57247,93433,0,181,111,87.19
North America,2024-04-27,51,0,0,0,0,0,18242,8063,5914,6601,1,0,0,0,0,0,14,8,14,10,5.51,0.0,0,0.0,0.0,0,1185.3,65.85,117.58,132.02,1506.26,2024-04,38871,68924,0,182,103,87.19
North America,2024-04-28,61,0,0,0,0,0,12760,3060,1798,5937,0,0,0,0,0,0,11,4,1,23,0.0,0.0,0,0.0,0.0,0,614.6,21.95,35.74,118.74,791.03,2024-04,23616,45838,0,187,96,87.19
North America,2024-04-29,0,0,0,1,0,0,21394,11072,7631,8294,0,0,0,0,0,0,15,19,10,13,0.0,0.0,0,21.95,0.0,0,1141.4,87.8,151.72,165.88,1568.75,2024-04,48392,70923,0,188,128,87.19
North America,2024-04-30,48,18981,0,37,0,0,25565,11033,7618,68333,0,40,0,2,0,0,16,5,9,111,0.0,376.67,0,680.45,0.0,0,2655.95,87.8,151.2,1366.66,5318.73,2024-04,131615,191439,0,241,166,87.19
North America,2024-05-01,1067,7555,0,642,58,0,42647,3152,5963,22242,106,27,0,0,1,0,21,9,18,39,475.46,276.66,0,417.05,21.95,0,702.4,43.9,118.78,444.84,2501.04,2024-05,83326,147005,0,246,139,87.19
North America,2024-05-02,2416,5527,0,2281,457,0,82739,39116,37799,53684,198,25,0,2,1,0,46,106,80,104,631.17,221.84,0,878.0,65.85,0,2238.9,131.7,753.32,1073.68,5994.46,2024-05,224019,434565,0,229,118,87.19
North America,2024-05-03,1388,4470,0,600,235,0,46985,3184,12529,21615,143,25,0,1,0,0,26,6,37,43,641.63,251.19,0,636.55,43.9,0,812.15,21.95,249.48,432.3,3089.15,2024-05,91006,155761,0,207,121,87.19
North America,2024-05-04,3784,8269,0,3768,1231,0,91357,41556,44357,52288,239,25,0,6,1,0,54,91,129,82,761.41,193.99,0,658.5,43.9,0,1953.55,109.75,885.0,1045.76,5651.86,2024-05,246610,455257,0,222,120,87.19
North America,2024-05-05,579,1899,0,350,186,0,38493,3177,7849,0,36,10,0,1,0,0,32,5,20,0,160.21,109.44,0,307.3,21.95,0,614.6,21.95,156.72,0.0,1392.17,2024-05,52533,110161,0,274,131,87.19
North America,2024-05-06,2655,7301,0,3705,1460,0,98137,40872,43866,73220,220,32,0,4,3,0,73,116,114,123,789.8,264.85,0,943.85,65.85,0,2129.15,109.75,874.66,1464.4,6642.31,2024-05,271216,494430,0,252,138,87.19
North America,2024-05-07,683,3935,0,1062,554,0,30612,0,0,0,34,13,0,2,1,0,14,0,0,0,156.82,137.94,0,307.3,21.95,0,373.15,0.0,0.0,0.0,997.16,2024-05,36846,90428,0,301,123,87.19
North America,2024-05-08,2914,9685,0,8640,3336,0,104939,27655,43016,54504,186,40,0,8,2,0,58,49,103,87,625.44,350.11,0,987.75,65.85,0,2524.25,131.7,857.68,1090.08,6632.86,2024-05,254689,455586,0,293,164,87.19
North America,2024-05-09,0,0,0,0,0,0,0,16906,14878,18633,0,0,0,0,0,0,0,27,30,43,0.0,0.0,0,0.0,0.0,0,0.0,43.9,296.82,372.66,713.38,2024-05,50417,72324,0,286,199,87.19
North America,2024-05-10,4609,13700,0,8501,3534,0,95693,26686,45597,53626,429,58,0,5,0,0,48,56,94,88,1566.19,514.38,0,1317.0,87.8,0,2195.0,131.7,909.72,1072.52,7794.31,2024-05,251946,460907,0,219,120,87.19
North America,2024-05-11,0,0,0,0,0,0,24510,16681,15721,18447,0,0,0,0,0,0,19,24,14,38,0.0,0.0,0,0.0,0.0,0,680.45,43.9,313.22,368.94,1406.51,2024-05,75359,135760,0,191,106,87.19
North America,2024-05-12,3206,11732,0,6205,5862,0,99400,16273,28509,34404,216,44,0,6,3,0,55,19,65,49,880.87,406.51,0,987.75,65.85,0,1821.85,87.8,568.88,688.08,5507.59,2024-05,205591,383856,0,245,131,87.19
North America,2024-05-13,871,5086,0,1433,1208,0,35290,38706,31842,37967,132,17,0,0,0,0,30,71,78,104,394.68,135.34,0,329.25,21.95,0,921.9,87.8,634.6,759.34,3284.86,2024-05,152403,270591,0,253,142,87.19
North America,2024-05-14,5276,9512,0,11924,1189,0,55953,27651,32490,34119,371,38,0,4,0,0,33,25,43,60,1426.22,377.69,0,658.5,43.9,0,1163.35,87.8,647.72,682.38,5087.56,2024-05,178114,322205,0,264,146,87.19
North America,2024-05-15,804,3292,0,8370,6005,0,80111,38920,27811,38244,118,15,0,4,3,0,71,40,41,78,352.82,133.78,0,658.5,43.9,0,1097.5,87.8,554.46,764.88,3693.64,2024-05,203557,364823,0,256,143,87.19
North America,2024-05-16,1457,4208,0,12087,8859,0,40876,10107,17316,20639,149,26,0,11,6,0,30,14,24,42,680.17,269.34,0,658.5,43.9,0,702.4,43.9,344.76,412.78,3155.75,2024-05,115549,219775,0,208,109,87.19
North America,2024-05-17,4410,9159,0,12632,11624,0,97883,49263,44503,51650,295,32,0,9,11,0,61,62,80,100,958.1,272.68,0,658.5,43.9,0,1536.5,131.7,887.88,1033.0,5522.26,2024-05,281124,475959,0,216,128,87.19
North America,2024-05-18,799,1825,0,5535,5147,0,32946,0,0,0,48,13,0,7,8,0,30,0,0,0,224.15,130.72,0,329.25,21.95,0,263.4,0.0,0.0,0.0,969.47,2024-05,46252,101324,0,237,108,87.19
North America,2024-05-19,5425,10498,0,16528,14266,0,105278,43853,42701,54665,450,34,0,22,14,0,71,62,78,101,1602.15,300.33,0,987.75,65.85,0,1887.7,131.7,851.72,1093.3,6920.5,2024-05,293214,503670,0,214,125,87.19
North America,2024-05-20,0,0,0,0,0,0,492,16756,14210,18920,0,0,0,0,0,0,1,17,10,34,0.0,0.0,0,0.0,0.0,0,65.85,43.9,283.4,378.4,771.55,2024-05,50378,80716,0,249,155,87.19
North America,2024-05-21,7043,9770,0,18757,13105,0,112580,43899,42772,53853,505,39,0,24,17,0,94,107,68,109,1804.24,357.23,0,1141.4,65.85,0,1799.9,131.7,852.32,1077.06,7229.7,2024-05,301779,526864,0,305,175,87.19
North America,2024-05-22,0,0,0,1106,5494,0,24124,16122,12804,18845,0,0,0,0,3,0,19,24,19,45,0.0,0.0,0,175.6,21.95,0,395.1,43.9,255.32,376.9,1268.77,2024-05,78495,136319,0,280,161,87.19
North America,2024-05-23,6892,9423,0,16182,15145,0,68791,26337,28218,34288,411,39,0,11,11,0,30,109,55,43,1614.28,364.66,0,987.75,65.85,0,1338.95,87.8,562.46,685.76,5707.51,2024-05,205276,356028,0,312,180,87.19
North America,2024-05-24,674,2632,0,6317,5891,0,69238,37723,27141,38036,133,13,0,3,7,0,56,72,42,75,397.67,101.7,0,329.25,21.95,0,987.75,87.8,541.1,760.72,3227.94,2024-05,187652,327512,0,389,223,87.19
North America,2024-05-25,1885,6945,0,10559,9935,0,40297,20501,15853,20870,239,21,0,12,5,0,30,42,22,36,1129.4,221.84,0,658.5,43.9,0,768.25,43.9,315.84,417.4,3599.03,2024-05,126845,228111,0,332,185,87.19
North America,2024-05-26,7491,10042,0,12715,12221,0,93664,48654,44136,51336,442,32,0,14,5,0,80,43,70,95,1448.48,281.4,0,658.5,43.9,0,1514.55,131.7,880.44,1026.72,5985.69,2024-05,280259,473153,0,314,186,87.19
North America,2024-05-27,1437,1866,0,5220,5704,0,29520,0,0,0,98,15,0,10,3,0,25,0,0,0,492.02,153.33,0,329.25,21.95,0,263.4,0.0,0.0,0.0,1259.95,2024-05,43747,93199,0,367,172,87.19
North America,2024-05-28,10226,10234,0,19217,16579,0,116577,47627,49139,54218,729,42,0,19,15,0,105,108,80,98,2536.71,362.1,0,987.75,65.85,0,1997.45,131.7,979.98,1084.36,8145.9,2024-05,323817,538942,0,349,210,87.19
North America,2024-05-29,1333,2630,0,5511,5710,0,1452,16691,14839,19024,67,14,0,4,8,0,1,18,27,36,310.31,154.66,0,329.25,21.95,0,175.6,43.9,295.86,380.48,1712.01,2024-05,67190,106641,0,305,192,87.19
North America,2024-05-30,12180,10828,0,19756,16511,0,146764,45648,47072,54232,812,40,0,16,21,0,102,132,90,98,2835.43,364.55,0,987.75,65.85,0,1909.65,131.7,938.64,1084.64,8318.21,2024-05,352991,608387,0,348,202,87.19
North America,2024-05-31,1282,3957,0,0,0,0,849,16456,14754,19364,60,13,0,0,0,0,4,20,26,34,285.91,145.16,0,0.0,0.0,0,219.5,43.9,294.48,387.28,1376.23,2024-05,56662,97180,0,345,201,87.19
North America,2024-06-01,5479,10894,0,25364,15019,0,138338,48418,44550,53925,425,44,0,19,20,0,118,138,80,93,1438.6,386.07,0,1317.0,65.85,0,1185.3,65.85,889.0,1078.5,6426.17,2024-06,341987,580673,0,307,181,87.19
North America,2024-06-02,0,0,0,0,6453,0,22312,16477,14307,18759,0,0,0,0,6,0,15,27,29,42,0.0,0.0,0,0.0,21.95,0,395.1,21.95,285.14,375.18,1099.32,2024-06,78308,138447,0,333,188,87.19
North America,2024-06-03,6515,10051,0,24926,12046,0,146647,48252,44929,54555,659,42,0,34,18,0,153,132,78,125,2609.79,381.91,0,1317.0,65.85,0,1185.3,65.85,896.02,1091.1,7612.82,2024-06,347921,577600,0,374,225,87.19
North America,2024-06-04,1832,1282,0,0,4434,0,13503,16683,13779,18908,193,9,0,0,5,0,13,33,30,48,1023.1,92.72,0,0.0,21.95,0,351.2,43.9,275.06,378.16,2186.09,2024-06,70421,135808,0,352,183,87.19
North America,2024-06-05,6533,7843,0,25098,17363,0,166963,58935,53805,57500,572,31,0,21,16,0,147,102,95,131,2027.68,265.15,0,1317.0,87.8,0,1448.7,87.8,1073.24,1150.0,7457.37,2024-06,394040,657251,0,372,223,87.19
North America,2024-06-06,2256,2381,0,6684,4973,0,0,0,0,16547,165,11,0,2,7,0,0,0,0,36,847.02,108.11,0,329.25,21.95,0,0.0,0.0,0.0,330.94,1637.27,2024-06,32841,46301,0,294,209,87.19
North America,2024-06-07,7217,8165,0,21112,15845,0,169591,60294,56067,72686,636,40,0,20,20,0,159,118,113,135,2218.14,331.52,0,987.75,65.85,0,1536.5,109.75,1117.98,1453.72,7821.21,2024-06,410977,692109,0,286,170,87.19
North America,2024-06-08,2085,2899,0,5914,4565,0,582,0,0,0,195,14,0,5,4,0,0,0,0,0,989.43,136.61,0,329.25,21.95,0,43.9,0.0,0.0,0.0,1521.14,2024-06,16045,29608,0,266,144,87.19
North America,2024-06-09,7031,11656,0,19353,13583,0,172136,59916,58470,72511,679,43,0,8,16,0,131,122,78,166,2315.06,396.52,0,987.75,65.85,0,1536.5,87.8,1165.54,1450.22,8005.24,2024-06,414656,698288,0,272,162,87.19
North America,2024-06-10,2206,1342,0,5921,3228,0,16727,0,0,0,149,14,0,5,7,0,14,0,0,0,766.49,140.22,0,329.25,21.95,0,87.8,0.0,0.0,0.0,1345.71,2024-06,29424,47474,0,284,176,87.19
North America,2024-06-11,6772,13358,0,19998,13465,0,150167,60532,61046,73090,645,42,0,18,15,0,144,114,109,158,2266.35,361.28,0,987.75,65.85,0,1470.65,87.8,1217.26,1461.8,7918.74,2024-06,398428,668939,0,311,185,87.19
North America,2024-06-12,1648,2073,0,6108,3967,0,59170,0,0,0,98,13,0,2,4,0,17,0,0,0,485.48,134.33,0,329.25,21.95,0,373.15,0.0,0.0,0.0,1344.16,2024-06,72966,128201,0,389,221,87.19
North America,2024-06-13,5500,12627,0,22406,14669,0,91826,57864,59315,72403,625,42,0,12,17,0,82,108,107,150,2203.85,371.97,0,987.75,65.85,0,1163.35,109.75,1182.92,1448.06,7533.5,2024-06,336610,577770,0,343,200,87.19
North America,2024-06-14,1964,4195,0,5840,3801,0,57420,11826,16365,20906,131,22,0,1,7,0,39,63,30,42,605.44,226.3,0,351.2,21.95,0,395.1,21.95,325.58,418.12,2365.64,2024-06,122317,227895,0,308,165,87.19
North America,2024-06-15,5080,8909,0,20887,15395,0,92453,48803,43625,51228,419,30,0,18,16,0,75,66,82,101,1396.81,246.74,0,965.8,65.85,0,1119.45,65.85,868.08,1024.56,5753.14,2024-06,286380,486828,0,305,179,87.19
North America,2024-06-16,1111,1411,0,2435,2618,0,58204,7748,16803,0,64,10,0,5,4,0,31,66,31,0,325.39,102.22,0,329.25,21.95,0,395.1,21.95,334.28,0.0,1530.14,2024-06,90330,181156,0,303,151,87.19
North America,2024-06-17,4217,7193,0,14421,12582,0,99237,49375,40964,73271,355,30,0,19,19,0,92,82,88,150,1271.15,269.88,0,987.75,65.85,0,1075.55,65.85,815.5,1465.42,6016.95,2024-06,301260,508779,0,290,172,87.19
North America,2024-06-18,1695,4767,0,3524,3653,0,62726,6209,14091,21384,179,20,0,3,3,0,40,9,33,53,830.98,205.12,0,395.1,21.95,0,395.1,21.95,280.44,427.68,2578.32,2024-06,118049,218612,0,288,156,87.19
North America,2024-06-19,2537,5968,0,13384,13156,0,105931,48425,38667,52393,299,25,0,10,14,0,119,74,89,129,927.76,214.9,0,921.9,65.85,0,1075.55,65.85,769.58,1047.86,5089.25,2024-06,280461,483807,0,297,172,87.19
North America,2024-06-20,1687,3718,0,11232,5852,0,67235,12201,13171,21332,106,22,0,3,8,0,33,49,22,47,481.97,216.9,0,570.7,21.95,0,395.1,21.95,262.32,426.64,2397.53,2024-06,136428,244283,0,292,163,87.19
North America,2024-06-21,3527,4855,0,15185,15728,0,98567,50199,41407,51688,384,23,0,8,19,0,73,73,70,96,1248.06,186.29,0,746.3,65.85,0,1097.5,65.85,823.98,1033.76,5267.59,2024-06,281156,498588,0,269,152,87.19
North America,2024-06-22,2056,4626,0,8092,5736,0,62421,15160,16308,20769,187,25,0,5,1,0,27,19,30,52,866.66,259.09,0,439.0,21.95,0,395.1,21.95,324.38,415.38,2743.51,2024-06,135168,238836,0,341,193,87.19
North America,2024-06-23,3345,6149,0,16015,14751,0,114284,48673,43126,50137,346,35,0,8,9,0,79,73,71,128,1106.99,285.52,0,878.0,65.85,0,1075.55,87.8,858.78,1002.74,5361.23,2024-06,296480,506527,0,328,192,87.19
North America,2024-06-24,1569,3857,0,6373,5741,0,61560,10211,16134,20498,96,15,0,7,5,0,34,13,22,34,462.47,160.55,0,329.25,21.95,0,395.1,21.95,320.3,409.96,2121.53,2024-06,125943,215434,0,232,136,87.19
North America,2024-06-25,3416,9874,0,16360,15081,0,107598,49271,42782,49810,400,43,0,6,13,0,94,59,80,95,1397.3,369.89,0,987.75,65.85,0,1075.55,65.85,850.84,996.2,5809.23,2024-06,294192,517069,0,308,175,87.19
North America,2024-06-26,0,0,0,0,0,0,0,0,0,0,0,0,0,0,0,0,0,0,0,0,0.0,0,0,0.0,0.0,0,0.0,0.0,0.0,0.0,0.0,0,0,0,0,0,0,0.0
North America,2024-06-27,1955,5059,0,9249,8442,0,66295,11668,13514,20230,182,19,0,8,6,0,38,21,19,39,833.24,200.66,0,658.5,43.9,0,504.85,21.95,268.82,404.6,2936.52,2024-06,136412,244668,0,255,142,87.19
North America,2024-06-28,3033,4270,0,6549,6718,0,86468,32236,28128,32293,302,16,0,2,9,0,56,45,51,73,971.83,134.65,0,329.25,21.95,0,658.5,43.9,559.7,645.86,3365.64,2024-06,199695,325106,0,216,133,87.19
North America,2024-06-29,0,3395,0,4631,5002,0,8958,17074,13127,16960,0,16,0,1,3,0,6,21,17,39,0.0,121.48,0,329.25,21.95,0,307.3,21.95,261.06,339.2,1402.19,2024-06,69147,151092,0,260,119,87.19
North America,2024-06-30,0,0,0,0,0,0,0,0,0,0,0,0,0,0,0,0,0,0,0,0,0.0,0,0,0.0,0.0,0,0.0,0.0,0.0,0.0,0.0,0,0,0,0,0,0,0.0
North America,2024-07-01,0,0,0,0,0,0,0,0,0,0,0,0,0,0,0,0,0,0,0,0,0.0,0,0,0.0,0.0,0,0.0,0.0,0.0,0.0,0.0,0,0,0,0,0,0,0.0
North America,2024-07-02,1785,4410,0,8819,6911,0,58162,16017,16936,20629,129,22,0,18,2,0,34,21,27,29,582.92,227.73,0,658.5,43.9,0,417.05,21.95,336.5,412.58,2701.13,2024-07,133669,233539,0,358,205,87.19
North America,2024-07-03,3603,6608,0,11334,11438,0,88270,49757,43953,49002,417,26,0,6,9,0,65,71,69,129,1348.08,215.68,0,658.5,43.9,0,1075.55,65.85,875.48,980.04,5263.08,2024-07,263965,461319,0,363,208,87.19
North America,2024-07-04,1766,4139,0,4017,4925,0,65816,18039,13425,21060,159,20,0,4,4,0,40,32,22,32,725.32,210.16,0,658.5,43.9,0,504.85,21.95,266.36,421.2,2852.24,2024-07,133187,238743,0,360,201,87.19
North America,2024-07-05,3036,6297,0,10268,9733,0,91918,49423,39634,48982,397,21,0,9,12,0,83,82,71,109,1266.23,180.37,0,658.5,43.9,0,987.75,65.85,788.78,979.64,4971.02,2024-07,259291,455249,0,347,198,87.19
North America,2024-07-06,3413,6909,0,7536,5765,0,80661,24632,22047,34604,286,34,0,9,7,0,57,48,34,78,1172.09,324.38,0,768.25,43.9,0,790.2,43.9,438.6,692.08,4273.4,2024-07,185567,324481,0,350,200,87.19
North America,2024-07-07,1002,2312,0,4691,9746,0,66548,38895,26058,34338,219,9,0,11,2,0,75,95,59,80,654.81,63.7,0,548.75,43.9,0,636.55,43.9,518.08,686.76,3196.45,2024-07,183590,351590,0,437,228,87.19
North America,2024-07-08,3746,9134,0,15358,16452,0,145759,26569,27157,34922,307,36,0,12,9,0,93,35,50,72,1332.98,346.71,0,987.75,65.85,0,987.75,43.9,540.38,698.44,5003.76,2024-07,279097,484493,0,223,128,87.19
North America,2024-07-09,856,3533,0,7511,5456,0,39510,39999,28318,36705,214,13,0,3,3,0,43,38,38,83,639.86,110.42,0,329.25,21.95,0,570.7,43.9,563.64,734.1,3013.82,2024-07,161888,280068,0,241,139,87.19
North America,2024-07-10,5235,16658,0,15603,14991,0,146704,44516,45916,54146,563,50,0,11,5,0,98,95,57,131,2236.07,453.76,0,1031.65,65.85,0,1185.3,65.85,912.44,1082.92,7033.84,2024-07,343769,596313,0,146,84,87.19
North America,2024-07-11,0,0,0,7276,5212,0,28862,17129,13624,16995,0,0,0,5,6,0,25,19,19,26,0.0,0.0,0,285.35,21.95,0,373.15,21.95,271.16,339.9,1313.46,2024-07,89098,147090,0,39,24,87.19
North America,2024-07-12,4646,8980,0,20999,13365,0,164942,45693,43587,54012,630,56,0,14,6,0,123,141,77,119,2455.12,504.5,0,1295.05,65.85,0,1163.35,65.85,865.48,1080.24,7495.44,2024-07,356224,617212,0,48,28,87.19
North America,2024-07-13,0,0,0,208,5253,0,29117,17650,13140,16519,0,0,0,0,5,0,28,25,20,47,0.0,0.0,0,21.95,21.95,0,351.2,21.95,261.22,330.38,1008.65,2024-07,81887,133751,0,20,12,87.19
North America,2024-07-14,5180,11830,0,21187,16690,0,174813,42606,42415,53371,703,48,0,12,4,0,132,146,71,99,2860.96,447.23,0,1317.0,87.8,0,1317.0,65.85,843.04,1067.42,8006.3,2024-07,368092,631306,0,40,23,87.19
North America,2024-07-15,2015,3054,0,3267,0,0,30864,19519,14673,17023,224,13,0,3,0,0,15,14,33,42,1189.55,130.72,0,153.65,0.0,0,241.45,21.95,292.06,340.46,2369.84,2024-07,90415,156359,0,36,21,87.19
North America,2024-07-16,3706,7664,0,18847,16997,0,209532,65610,59539,68321,649,38,0,11,7,0,158,91,106,159,2411.66,343.23,0,1163.35,87.8,0,1536.5,87.8,1184.4,1366.42,8181.16,2024-07,450216,778951,0,35,20,87.19
North America,2024-07-17,3295,3346,0,4259,4082,0,61575,12209,13470,21023,452,20,0,5,1,0,37,13,28,73,2216.71,203.69,0,658.5,43.9,0,395.1,21.95,267.72,420.46,4228.03,2024-07,123259,224971,0,39,21,87.19
North America,2024-07-18,2069,6521,0,11008,11638,0,142181,48765,36726,47482,436,25,0,12,6,0,120,68,62,105,1385.09,211.43,0,658.5,43.9,0,1119.45,65.85,731.0,949.64,5164.86,2024-07,306390,536250,0,45,26,87.19
North America,2024-07-19,3485,5090,0,9095,3776,0,77712,20719,27033,33879,508,26,0,9,1,0,68,18,49,76,2293.53,244.49,0,921.9,43.9,0,768.25,43.9,538.44,677.58,5531.99,2024-07,180789,328371,0,47,26,87.19
North America,2024-07-20,1005,2512,0,4798,11457,0,133506,42984,26026,33558,226,13,0,8,7,0,123,59,55,71,675.74,114.78,0,395.1,43.9,0,724.35,43.9,518.16,671.16,3187.09,2024-07,255846,415367,0,6,4,87.19
North America,2024-07-21,0,0,0,0,0,0,0,0,0,0,0,0,0,0,0,0,0,0,0,0,0.0,0,0,0.0,0.0,0,0.0,0.0,0.0,0.0,0.0,0,0,0,0,0,0,0.0
North America,2024-07-22,1688,2746,0,3039,3131,0,65695,0,0,0,193,11,0,4,2,0,44,0,0,0,995.85,111.72,0,329.25,21.95,0,329.25,0.0,0.0,0.0,1788.02,2024-07,76299,134112,0,18,10,87.19
North America,2024-07-23,2194,4998,0,9212,2399,0,16721,27871,28408,33877,420,24,0,10,1,0,11,44,51,69,1787.25,218.41,0,658.5,21.95,0,460.95,43.9,565.34,677.54,4433.84,2024-07,125680,216447,0,58,34,87.19
North America,2024-07-24,1131,3790,0,7094,13180,0,116668,43959,28356,33846,261,14,0,7,6,0,107,79,46,81,780.39,111.2,0,329.25,43.9,0,746.3,43.9,564.78,676.92,3296.64,2024-07,248024,414441,0,40,24,87.19
North America,2024-07-25,0,0,0,0,0,0,0,0,0,0,0,0,0,0,0,0,0,0,0,0,0.0,0,0,0.0,0.0,0,0.0,0.0,0.0,0.0,0.0,0,0,0,0,0,0,0.0
North America,2024-07-26,2208,2919,0,4501,0,0,0,0,0,0,171,12,0,4,0,0,0,0,0,0,888.8,132.05,0,131.7,0.0,0,0.0,0.0,0.0,0.0,1152.55,2024-07,9628,20866,0,128,59,87.19
North America,2024-07-27,1997,3101,0,6572,7758,0,81496,14150,15451,20415,258,9,0,4,3,0,48,60,42,38,1224.12,89.79,0,526.8,43.9,0,636.55,21.95,307.2,408.3,3258.61,2024-07,150940,260358,0,117,68,87.19
North America,2024-07-28,1878,6920,0,6268,4237,0,88443,31307,28177,32243,360,27,0,5,0,0,74,33,34,75,1142.55,221.71,0,395.1,21.95,0,548.75,43.9,560.22,644.86,3579.04,2024-07,199473,329701,0,124,75,87.19
North America,2024-07-29,0,0,0,8030,5364,0,35943,20549,14536,15742,0,0,0,11,1,0,30,66,24,42,0.0,0.0,0,263.4,21.95,0,351.2,21.95,288.38,314.84,1261.72,2024-07,100164,171976,0,67,39,87.19
North America,2024-07-30,0,0,0,0,0,0,0,0,0,0,0,0,0,0,0,0,0,0,0,0,0.0,0,0,0.0,0.0,0,0.0,0.0,0.0,0.0,0.0,0,0,0,0,0,0,0.0
North America,2024-07-31,2108,2427,0,6348,4480,0,73287,0,0,0,173,11,0,4,5,0,51,0,0,0,898.73,108.11,0,329.25,21.95,0,373.15,0.0,0.0,0.0,1731.19,2024-07,88650,145687,0,63,38,87.19
North America,2024-08-01,5222,3419,0,11747,3484,0,17302,25951,25638,33402,354,24,0,10,2,0,13,45,40,82,1549.56,221.88,0,614.6,21.95,0,417.05,43.9,509.86,668.04,4046.84,2024-08,126165,223714,0,58,33,87.19
North America,2024-08-02,1087,2963,0,7915,8552,0,123458,22847,13963,19439,204,13,0,3,2,0,114,14,18,47,609.96,114.78,0,373.15,43.9,0,746.3,21.95,277.06,388.78,2575.88,2024-08,200224,340656,0,101,59,87.19
North America,2024-08-03,0,0,0,0,0,0,0,21193,14418,15885,0,0,0,0,0,0,0,23,25,37,0.0,0.0,0,0.0,0.0,0,0.0,21.95,286.4,317.7,626.05,2024-08,51496,80883,0,89,57,87.19
North America,2024-08-04,0,0,0,0,0,0,0,0,0,0,0,0,0,0,0,0,0,0,0,0,0.0,0,0,0.0,0.0,0,0.0,0.0,0.0,0.0,0.0,0,0,0,0,0,0,0.0
North America,2024-08-05,3682,3232,0,6005,4617,0,60799,18824,15100,20385,349,18,0,4,1,0,39,25,24,57,1730.88,181.08,0,329.25,21.95,0,395.1,21.95,300.12,407.7,3388.03,2024-08,132644,228900,0,95,55,87.19
North America,2024-08-06,5829,3677,0,8601,6279,0,61678,9734,13847,13348,87,20,0,6,1,0,61,5,19,23,299.28,179.59,0,658.5,43.9,0,504.85,21.95,275.48,266.96,2250.51,2024-08,122993,187727,0,101,66,87.19
North America,2024-08-07,933,2526,0,7637,5789,0,73766,43293,29087,34377,177,14,0,5,3,0,59,29,43,113,529.23,124.28,0,329.25,21.95,0,658.5,43.9,577.82,687.54,2972.47,2024-08,197408,352776,0,116,65,87.19
North America,2024-08-08,0,0,0,0,0,0,0,0,0,0,0,0,0,0,0,0,0,0,0,0,0.0,0,0,0.0,0.0,0,0.0,0.0,0.0,0.0,0.0,0,0,0,0,0,0,0.0
North America,2024-08-09,1859,1942,0,0,0,0,0,0,0,0,181,7,0,0,0,0,0,0,0,0,952.62,77.33,0,0.0,0.0,0,0.0,0.0,0.0,0.0,1029.95,2024-08,3801,12530,0,65,20,87.19
North America,2024-08-10,1795,2120,0,5747,4770,0,82652,13578,16170,18722,227,15,0,3,4,0,56,17,27,51,1062.43,145.36,0,658.5,43.9,0,636.55,21.95,321.36,374.44,3264.49,2024-08,145554,249149,0,40,23,87.19
North America,2024-08-11,6855,10319,0,11154,4971,0,66679,32769,27946,32543,355,29,0,10,4,0,73,13,34,84,1091.15,239.82,0,482.9,21.95,0,548.75,43.9,555.82,650.86,3635.15,2024-08,193236,330839,0,54,32,87.19
North America,2024-08-12,0,0,0,1571,5739,0,35349,19964,14174,14751,0,0,0,1,2,0,27,19,21,50,0.0,0.0,0,175.6,21.95,0,373.15,21.95,282.06,295.02,1169.73,2024-08,91548,163210,0,50,28,87.19
North America,2024-08-13,0,0,0,0,0,0,0,0,0,0,0,0,0,0,0,0,0,0,0,0,0.0,0,0,0.0,0.0,0,0.0,0.0,0.0,0.0,0.0,0,0,0,0,0,0,0.0
North America,2024-08-14,2803,2029,0,3097,2477,0,65717,14984,15459,21049,285,9,0,2,1,0,56,17,23,41,1503.15,89.11,0,329.25,21.95,0,373.15,21.95,308.02,420.98,3067.56,2024-08,127615,216821,0,79,46,87.19
North America,2024-08-15,5895,4544,0,4170,3517,0,90413,9736,10551,13205,244,23,0,8,3,0,109,12,15,18,986.36,209.52,0,658.5,43.9,0,658.5,21.95,210.3,264.1,3053.13,2024-08,142031,241937,0,71,42,87.19
North America,2024-08-16,1244,1863,0,6033,4452,0,36821,40259,24927,34360,244,11,0,7,1,0,46,40,33,81,729.56,95.78,0,329.25,21.95,0,482.9,43.9,496.92,687.2,2887.46,2024-08,149959,276712,0,58,31,87.19
North America,2024-08-17,0,0,0,0,0,0,0,0,0,0,0,0,0,0,0,0,0,0,0,0,0.0,0,0,0.0,0.0,0,0.0,0.0,0.0,0.0,0.0,0,0,0,0,0,0,0.0
North America,2024-08-18,1878,1152,0,2132,0,0,0,0,0,0,207,9,0,5,0,0,0,0,0,0,1056.64,92.72,0,241.45,0.0,0,0.0,0.0,0.0,0.0,1390.81,2024-08,5162,15686,0,74,24,87.19
North America,2024-08-19,6000,4342,0,456,2726,0,78482,29426,22261,34592,415,14,0,0,0,0,72,33,34,70,1718.9,129.53,0,395.1,43.9,0,768.25,43.9,443.92,691.84,4235.34,2024-08,178285,305200,0,72,42,87.19
North America,2024-08-20,1169,3145,0,8213,8021,0,125173,22908,10648,19993,265,16,0,5,3,0,143,21,14,61,792.35,138.92,0,658.5,43.9,0,570.7,21.95,212.26,399.86,2838.44,2024-08,199270,334332,0,72,43,87.19
North America,2024-08-21,0,0,0,0,0,0,739,21327,13825,14231,0,0,0,0,0,0,1,34,14,22,0.0,0.0,0,0.0,0.0,0,131.7,21.95,275.14,284.62,713.41,2024-08,50122,79072,0,80,51,87.19
North America,2024-08-22,0,0,0,0,0,0,0,0,0,0,0,0,0,0,0,0,0,0,0,0,0.0,0,0,0.0,0.0,0,0.0,0.0,0.0,0.0,0.0,0,0,0,0,0,0,0.0
North America,2024-08-23,4111,4540,0,5050,4423,0,65511,16864,11516,21475,432,19,0,3,2,0,43,15,14,65,2132.52,189.15,0,658.5,43.9,0,395.1,21.95,229.62,429.5,4100.24,2024-08,133490,232094,0,46,26,87.19
North America,2024-08-24,4153,3618,0,7445,5974,0,108038,33187,13037,13177,148,12,0,5,1,0,101,27,22,19,509.12,110.53,0,329.25,21.95,0,790.2,43.9,259.92,263.54,2328.41,2024-08,188629,325576,0,54,31,87.19
North America,2024-08-25,1239,5434,0,8214,6441,0,39275,19654,27449,37544,278,15,0,3,3,0,34,27,32,102,831.22,125.06,0,329.25,21.95,0,373.15,21.95,547.4,750.88,3000.86,2024-08,145250,231894,0,77,48,87.19
North America,2024-08-26,0,0,0,0,0,0,0,0,0,0,0,0,0,0,0,0,0,0,0,0,0.0,0,0,0.0,0.0,0,0.0,0.0,0.0,0.0,0.0,0,0,0,0,0,0,0.0
North America,2024-08-27,2168,3524,0,4198,0,0,0,0,0,0,200,12,0,4,0,0,0,0,0,0,1022.43,121.22,0,241.45,0.0,0,0.0,0.0,0.0,0.0,1385.1,2024-08,9890,20190,0,14,7,87.19
North America,2024-08-28,6307,3908,0,1276,5185,0,81640,25387,31144,35968,354,25,0,1,2,0,66,18,55,62,1484.01,216.07,0,417.05,43.9,0,790.2,43.9,620.52,719.36,4335.01,2024-08,190815,334611,0,20,11,87.19
North America,2024-08-29,1327,2817,0,14195,11556,0,80480,22908,12579,20089,272,14,0,6,5,0,75,27,20,45,813.28,119.92,0,658.5,43.9,0,504.85,21.95,250.82,401.78,2815.0,2024-08,165951,286445,0,11,6,87.19
North America,2024-08-30,0,0,0,0,0,0,31083,19656,16068,15907,0,0,0,0,0,0,21,42,24,26,0.0,0.0,0,0.0,0.0,0,241.45,21.95,319.82,318.14,901.36,2024-08,82714,132655,0,10,6,87.19
North America,2024-08-31,0,0,0,0,0,0,0,0,0,0,0,0,0,0,0,0,0,0,0,0,0.0,0,0,0.0,0.0,0,0.0,0.0,0.0,0.0,0.0,0,0,0,0,0,0,0.0
North America,2024-09-01,2138,3545,0,73,0,0,0,0,0,0,199,12,0,0,0,0,0,0,0,0,1034.36,121.22,0,65.85,0.0,0,0.0,0.0,0.0,0.0,1221.43,2024-09,5756,17248,0,2,1,87.19
North America,2024-09-02,0,0,0,5507,4111,0,25,0,0,0,0,0,0,1,4,0,0,0,0,0,0.0,0.0,0,263.4,21.95,0,21.95,0.0,0.0,0.0,307.3,2024-09,9643,10530,0,2,2,87.19
North America,2024-09-03,0,0,0,0,0,0,65400,0,0,0,0,0,0,0,0,0,41,0,0,0,0.0,0.0,0,0.0,0.0,0,263.4,0.0,0.0,0.0,263.4,2024-09,65400,108517,0,7,4,87.19
North America,2024-09-04,0,0,0,0,0,0,557,0,0,0,0,0,0,0,0,0,0,0,0,0,0.0,0.0,0,0.0,0.0,0,65.85,0.0,0.0,0.0,65.85,2024-09,557,906,0,4,2,87.19
North America,2024-09-05,0,0,0,0,0,0,49,12313,15244,14535,0,0,0,0,0,0,0,10,29,43,0.0,0.0,0,0.0,0.0,0,43.9,21.95,303.86,290.7,660.41,2024-09,42141,77095,0,4,2,87.19
North America,2024-09-06,1387,0,0,0,0,0,0,0,0,7252,115,0,0,0,0,0,0,0,0,8,568.1,0.0,0,0.0,0.0,0,0.0,0.0,0.0,145.04,713.14,2024-09,8639,8926,0,4,4,87.19
North America,2024-09-07,671,0,0,0,0,0,0,0,0,0,125,0,0,0,0,0,0,0,0,0,561.25,0.0,0,0.0,0.0,0,0.0,0.0,0.0,0.0,561.25,2024-09,671,2107,0,1,0,87.19
North America,2024-09-08,0,430,0,0,0,0,0,0,0,0,0,3,0,0,0,0,0,0,0,0,0.0,32.79,0,0.0,0.0,0,0.0,0.0,0.0,0.0,32.79,2024-09,430,1491,0,1,0,87.19
North America,2024-09-09,0,2156,0,0,0,0,0,0,0,0,0,5,0,0,0,0,0,0,0,0,0.0,47.5,0,0.0,0.0,0,0.0,0.0,0.0,0.0,47.5,2024-09,2156,6522,0,10,3,87.19
North America,2024-09-10,0,0,0,10,0,0,0,0,0,0,0,0,0,0,0,0,0,0,0,0,0.0,0.0,0,21.95,0.0,0,0.0,0.0,0.0,0.0,21.95,2024-09,10,1017,0,9,0,87.19
North America,2024-09-11,0,0,0,837,0,0,0,0,0,0,0,0,0,1,0,0,0,0,0,0,0.0,0.0,0,109.75,0.0,0,0.0,0.0,0.0,0.0,109.75,2024-09,837,841,0,11,11,87.19
North America,2024-09-12,0,0,0,68,0,0,0,0,0,0,0,0,0,0,0,0,0,0,0,0,0.0,0.0,0,43.9,0.0,0,0.0,0.0,0.0,0.0,43.9,2024-09,68,68,0,6,6,87.19
North America,2024-09-13,0,0,0,139,0,0,0,0,0,0,0,0,0,0,0,0,0,0,0,0,0.0,0.0,0,65.85,0.0,0,0.0,0.0,0.0,0.0,65.85,2024-09,139,140,0,8,8,87.19
North America,2024-09-14,0,0,0,43,0,0,0,0,0,0,0,0,0,0,0,0,0,0,0,0,0.0,0.0,0,21.95,0.0,0,0.0,0.0,0.0,0.0,21.95,2024-09,43,43,0,3,3,87.19
North America,2024-09-15,0,0,0,0,0,0,0,0,0,0,0,0,0,0,0,0,0,0,0,0,0.0,0,0,0.0,0.0,0,0.0,0.0,0.0,0.0,0.0,0,0,0,0,0,0,0.0
North America,2024-09-16,0,0,0,36,0,0,0,0,0,0,0,0,0,0,0,0,0,0,0,0,0.0,0.0,0,43.9,0.0,0,0.0,0.0,0.0,0.0,43.9,2024-09,36,36,0,8,8,87.19
North America,2024-09-17,0,0,0,18,0,0,0,0,0,0,0,0,0,0,0,0,0,0,0,0,0.0,0.0,0,21.95,0.0,0,0.0,0.0,0.0,0.0,21.95,2024-09,18,18,0,6,6,87.19
North America,2024-09-18,0,0,0,0,1099,0,0,0,0,0,0,0,0,0,0,0,0,0,0,0,0.0,0.0,0,0.0,21.95,0,0.0,0.0,0.0,0.0,21.95,2024-09,1099,1318,0,14,12,87.19
North America,2024-09-19,0,0,0,0,0,0,64,0,0,0,0,0,0,0,0,0,0,0,0,0,0.0,0.0,0,0.0,0.0,0,21.95,0.0,0.0,0.0,21.95,2024-09,64,275,0,8,2,87.19
North America,2024-09-20,0,0,0,0,0,0,64,0,0,0,0,0,0,0,0,0,0,0,0,0,0.0,0.0,0,0.0,0.0,0,21.95,0.0,0.0,0.0,21.95,2024-09,64,3732,0,10,0,87.19
North America,2024-09-21,0,0,0,0,0,0,0,0,0,0,0,0,0,0,0,0,0,0,0,0,0.0,0,0,0.0,0.0,0,0.0,0.0,0.0,0.0,0.0,0,0,0,0,0,0,0.0
North America,2024-09-22,0,0,0,0,0,0,1912,0,0,0,0,0,0,0,0,0,3,0,0,0,0.0,0.0,0,0.0,0.0,0,21.95,0.0,0.0,0.0,21.95,2024-09,1912,1912,0,3,3,87.19
North America,2024-09-23,0,0,0,0,0,0,1976,0,0,0,0,0,0,0,0,0,1,0,0,0,0.0,0.0,0,0.0,0.0,0,21.95,0.0,0.0,0.0,21.95,2024-09,1976,7217,0,12,3,87.19
North America,2024-09-24,0,0,0,0,0,0,312,0,0,0,0,0,0,0,0,0,0,0,0,0,0.0,0.0,0,0.0,0.0,0,21.95,0.0,0.0,0.0,21.95,2024-09,312,1010,0,20,6,87.19
North America,2024-09-25,0,0,0,0,0,0,303,0,0,0,0,0,0,0,0,0,0,0,0,0,0.0,0.0,0,0.0,0.0,0,21.95,0.0,0.0,0.0,21.95,2024-09,303,626,0,20,10,87.19
North America,2024-09-26,0,0,0,0,0,0,0,0,0,0,0,0,0,0,0,0,0,0,0,0,0.0,0,0,0.0,0.0,0,0.0,0.0,0.0,0.0,0.0,0,0,0,0,0,0,0.0
North America,2024-09-27,0,0,0,0,0,0,10346,0,0,0,0,0,0,0,0,0,7,0,0,0,0.0,0.0,0,0.0,0.0,0,43.9,0.0,0.0,0.0,43.9,2024-09,10346,16799,0,8,5,87.19
North America,2024-09-28,0,0,0,0,0,0,0,0,0,0,0,0,0,0,0,0,0,0,0,0,0.0,0,0,0.0,0.0,0,0.0,0.0,0.0,0.0,0.0,0,0,0,0,0,0,0.0
North America,2024-09-29,0,0,0,0,0,0,0,0,0,0,0,0,0,0,0,0,0,0,0,0,0.0,0,0,0.0,0.0,0,0.0,0.0,0.0,0.0,0.0,0,0,0,0,0,0,0.0
North America,2024-09-30,0,0,0,0,0,0,0,0,0,0,0,0,0,0,0,0,0,0,0,0,0.0,0,0,0.0,0.0,0,0.0,0.0,0.0,0.0,0.0,0,0,0,0,0,0,0.0
North America,2024-10-01,0,0,0,0,0,0,447,0,0,0,0,0,0,0,0,0,1,0,0,0,0.0,0.0,0,0.0,0.0,0,21.95,0.0,0.0,0.0,21.95,2024-10,447,1102,0,7,3,87.19
North America,2024-10-02,0,0,0,0,0,0,462,0,0,0,0,0,0,0,0,0,0,0,0,0,0.0,0.0,0,0.0,0.0,0,21.95,0.0,0.0,0.0,21.95,2024-10,462,552,0,8,7,87.19
North America,2024-10-03,0,0,0,0,0,0,350,0,0,0,0,0,0,0,0,0,0,0,0,0,0.0,0.0,0,0.0,0.0,0,21.95,0.0,0.0,0.0,21.95,2024-10,350,746,0,8,4,87.19
North America,2024-10-04,0,0,0,0,0,0,308,0,0,0,0,0,0,0,0,0,0,0,0,0,0.0,0.0,0,0.0,0.0,0,21.95,0.0,0.0,0.0,21.95,2024-10,308,308,0,8,8,87.19
North America,2024-10-05,0,0,0,0,0,0,0,0,0,0,0,0,0,0,0,0,0,0,0,0,0.0,0,0,0.0,0.0,0,0.0,0.0,0.0,0.0,0.0,0,0,0,0,0,0,0.0
North America,2024-10-06,0,0,0,0,0,0,0,0,0,0,0,0,0,0,0,0,0,0,0,0,0.0,0,0,0.0,0.0,0,0.0,0.0,0.0,0.0,0.0,0,0,0,0,0,0,0.0
North America,2024-10-07,0,0,0,0,0,0,7,0,0,0,0,0,0,0,0,0,0,0,0,0,0.0,0.0,0,0.0,0.0,0,21.95,0.0,0.0,0.0,21.95,2024-10,7,10,0,14,10,87.19
North America,2024-10-08,0,0,0,0,0,0,208,0,0,0,0,0,0,0,0,0,1,0,0,0,0.0,0.0,0,0.0,0.0,0,21.95,0.0,0.0,0.0,21.95,2024-10,208,454,0,12,5,87.19
North America,2024-10-09,0,0,0,0,0,0,0,0,0,0,0,0,0,0,0,0,0,0,0,0,0.0,0,0,0.0,0.0,0,0.0,0.0,0.0,0.0,0.0,0,0,0,0,0,0,0.0
North America,2024-10-10,0,0,0,0,0,0,24,0,0,0,0,0,0,0,0,0,0,0,0,0,0.0,0.0,0,0.0,0.0,0,21.95,0.0,0.0,0.0,21.95,2024-10,24,172,0,15,2,87.19
North America,2024-10-11,0,0,0,0,0,0,533,0,0,0,0,0,0,0,0,0,1,0,0,0,0.0,0.0,0,0.0,0.0,0,43.9,0.0,0.0,0.0,43.9,2024-10,533,559,0,22,21,87.19
North America,2024-10-12,0,0,0,0,0,0,0,0,0,0,0,0,0,0,0,0,0,0,0,0,0.0,0,0,0.0,0.0,0,0.0,0.0,0.0,0.0,0.0,0,0,0,0,0,0,0.0
North America,2024-10-13,0,0,0,0,0,0,0,0,0,0,0,0,0,0,0,0,0,0,0,0,0.0,0,0,0.0,0.0,0,0.0,0.0,0.0,0.0,0.0,0,0,0,0,0,0,0.0
North America,2024-10-14,0,0,0,0,0,0,26,0,0,0,0,0,0,0,0,0,0,0,0,0,0.0,0.0,0,0.0,0.0,0,21.95,0.0,0.0,0.0,21.95,2024-10,26,12379,0,43,0,87.19
North America,2024-10-15,0,0,0,0,0,0,0,9628,12884,0,0,0,0,0,0,0,0,6,12,0,0.0,0.0,0,0.0,0.0,0,0.0,21.95,256.18,0.0,278.13,2024-10,22512,28457,0,27,21,87.19
North America,2024-10-16,0,0,0,0,0,0,0,0,0,5482,0,0,0,0,0,0,0,0,0,10,0.0,0.0,0,0.0,0.0,0,0.0,0.0,0.0,109.64,109.64,2024-10,5482,5482,0,22,22,87.19
North America,2024-10-17,0,0,0,0,0,0,0,0,0,7762,0,0,0,0,0,0,0,0,0,9,0.0,0.0,0,0.0,0.0,0,0.0,0.0,0.0,155.24,155.24,2024-10,7762,9392,0,21,17,87.19
North America,2024-10-18,0,0,0,0,0,0,0,0,0,0,0,0,0,0,0,0,0,0,0,0,0.0,0,0,0.0,0.0,0,0.0,0.0,0.0,0.0,0.0,0,0,0,0,0,0,0.0
North America,2024-10-19,4331,0,0,0,0,0,0,0,0,0,126,0,0,0,0,0,0,0,0,0,433.44,0.0,0,0.0,0.0,0,0.0,0.0,0.0,0.0,433.44,2024-10,4331,5655,0,13,10,87.19
North America,2024-10-20,0,1003,0,0,0,0,0,0,0,0,0,4,0,0,0,0,0,0,0,0,0.0,24.12,0,0.0,0.0,0,0.0,0.0,0.0,0.0,24.12,2024-10,1003,2440,0,29,12,87.19
North America,2024-10-21,0,1000,0,0,0,0,0,0,0,0,0,3,0,0,0,0,0,0,0,0,0.0,28.5,0,0.0,0.0,0,0.0,0.0,0.0,0.0,28.5,2024-10,1000,3112,0,33,11,87.19
North America,2024-10-22,0,829,0,0,0,0,0,0,0,0,0,6,0,0,0,0,0,0,0,0,0.0,57.0,0,0.0,0.0,0,0.0,0.0,0.0,0.0,57.0,2024-10,829,3123,0,72,19,87.19
North America,2024-10-23,0,0,0,45,0,0,0,0,0,0,0,0,0,0,0,0,0,0,0,0,0.0,0.0,0,21.95,0.0,0,0.0,0.0,0.0,0.0,21.95,2024-10,45,2605,0,96,2,87.19
North America,2024-10-24,0,0,0,37,0,0,0,0,0,0,0,0,0,0,0,0,0,0,0,0,0.0,0.0,0,21.95,0.0,0,0.0,0.0,0.0,0.0,21.95,2024-10,37,40,0,93,86,87.19
North America,2024-10-25,0,0,0,27,0,0,0,0,0,0,0,0,0,0,0,0,0,0,0,0,0.0,0.0,0,21.95,0.0,0,0.0,0.0,0.0,0.0,21.95,2024-10,27,61,0,85,38,87.19
North America,2024-10-26,0,0,0,1247,0,0,0,0,0,0,0,0,0,0,0,0,0,0,0,0,0.0,0.0,0,21.95,0.0,0,0.0,0.0,0.0,0.0,21.95,2024-10,1247,1343,0,91,84,87.19
North America,2024-10-27,0,0,0,2238,0,0,0,0,0,0,0,0,0,1,0,0,0,0,0,0,0.0,0.0,0,21.95,0.0,0,0.0,0.0,0.0,0.0,21.95,2024-10,2238,2328,0,54,52,87.19
North America,2024-10-28,0,0,0,1482,0,0,0,0,0,0,0,0,0,0,0,0,0,0,0,0,0.0,0.0,0,21.95,0.0,0,0.0,0.0,0.0,0.0,21.95,2024-10,1482,1585,0,61,57,87.19
North America,2024-10-29,0,0,0,359,0,0,0,0,0,0,0,0,0,0,0,0,0,0,0,0,0.0,0.0,0,43.9,0.0,0,0.0,0.0,0.0,0.0,43.9,2024-10,359,371,0,73,71,87.19
North America,2024-10-30,0,0,0,446,0,0,0,0,0,0,0,0,0,0,0,0,0,0,0,0,0.0,0.0,0,43.9,0.0,0,0.0,0.0,0.0,0.0,43.9,2024-10,446,481,0,66,61,87.19
North America,2024-10-31,0,0,0,243,0,0,0,0,0,0,0,0,0,0,0,0,0,0,0,0,0.0,0.0,0,21.95,0.0,0,0.0,0.0,0.0,0.0,21.95,2024-10,243,252,0,31,30,87.19
North America,2024-11-01,0,0,0,276,0,0,0,0,0,0,0,0,0,0,0,0,0,0,0,0,0.0,0.0,0,21.95,0.0,0,0.0,0.0,0.0,0.0,21.95,2024-11,276,282,0,6,6,87.19
North America,2024-11-02,0,0,0,94,0,0,0,0,0,0,0,0,0,0,0,0,0,0,0,0,0.0,0.0,0,21.95,0.0,0,0.0,0.0,0.0,0.0,21.95,2024-11,94,96,0,4,4,87.19
North America,2024-11-03,0,0,0,0,0,0,0,0,0,0,0,0,0,0,0,0,0,0,0,0,0.0,0,0,0.0,0.0,0,0.0,0.0,0.0,0.0,0.0,0,0,0,0,0,0,0.0
North America,2024-11-04,0,0,0,0,0,0,0,0,0,0,0,0,0,0,0,0,0,0,0,0,0.0,0,0,0.0,0.0,0,0.0,0.0,0.0,0.0,0.0,0,0,0,0,0,0,0.0
North America,2024-11-05,0,0,0,168,0,0,0,0,0,0,0,0,0,0,0,0,0,0,0,0,0.0,0.0,0,43.9,0.0,0,0.0,0.0,0.0,0.0,43.9,2024-11,168,267,0,28,18,87.19
North America,2024-11-06,0,0,0,0,5854,0,0,0,0,0,0,0,0,0,4,0,0,0,0,0,0.0,0.0,0,0.0,21.95,0,0.0,0.0,0.0,0.0,21.95,2024-11,5854,6087,0,23,22,87.19
North America,2024-11-07,0,0,0,0,0,0,254,0,0,0,0,0,0,0,0,0,0,0,0,0,0.0,0.0,0,0.0,0.0,0,21.95,0.0,0.0,0.0,21.95,2024-11,254,546,0,19,9,87.19
North America,2024-11-08,0,0,0,0,0,0,642,0,0,0,0,0,0,0,0,0,0,0,0,0,0.0,0.0,0,0.0,0.0,0,21.95,0.0,0.0,0.0,21.95,2024-11,642,4887,0,17,2,87.19
North America,2024-11-09,0,0,0,0,0,0,12229,0,0,0,0,0,0,0,0,0,12,0,0,0,0.0,0.0,0,0.0,0.0,0,21.95,0.0,0.0,0.0,21.95,2024-11,12229,17664,0,6,4,87.19
North America,2024-11-10,0,0,0,0,0,0,16718,0,0,0,0,0,0,0,0,0,22,0,0,0,0.0,0.0,0,0.0,0.0,0,21.95,0.0,0.0,0.0,21.95,2024-11,16718,16973,0,10,10,87.19
North America,2024-11-11,0,0,0,0,0,0,1414,0,0,0,0,0,0,0,0,0,2,0,0,0,0.0,0.0,0,0.0,0.0,0,21.95,0.0,0.0,0.0,21.95,2024-11,1414,4396,0,9,3,87.19
North America,2024-11-12,0,0,0,0,0,0,700,0,0,0,0,0,0,0,0,0,1,0,0,0,0.0,0.0,0,0.0,0.0,0,21.95,0.0,0.0,0.0,21.95,2024-11,700,14944,0,23,1,87.19
North America,2024-11-13,0,0,0,0,0,0,23963,0,0,0,0,0,0,0,0,0,20,0,0,0,0.0,0.0,0,0.0,0.0,0,21.95,0.0,0.0,0.0,21.95,2024-11,23963,39641,0,20,12,87.19
North America,2024-11-14,0,0,0,0,0,0,4350,0,0,0,0,0,0,0,0,0,11,0,0,0,0.0,0.0,0,0.0,0.0,0,21.95,0.0,0.0,0.0,21.95,2024-11,4350,5518,0,13,10,87.19
North America,2024-11-15,0,0,0,0,0,0,2512,0,0,0,0,0,0,0,0,0,0,0,0,0,0.0,0.0,0,0.0,0.0,0,43.9,0.0,0.0,0.0,43.9,2024-11,2512,3359,0,12,9,87.19
North America,2024-11-16,0,0,0,0,0,0,602,0,0,0,0,0,0,0,0,0,0,0,0,0,0.0,0.0,0,0.0,0.0,0,21.95,0.0,0.0,0.0,21.95,2024-11,602,1123,0,10,5,87.19
North America,2024-11-17,0,0,0,0,0,0,0,0,0,0,0,0,0,0,0,0,0,0,0,0,0.0,0,0,0.0,0.0,0,0.0,0.0,0.0,0.0,0.0,0,0,0,0,0,0,0.0
North America,2024-11-18,0,0,0,0,0,0,1173,0,0,0,0,0,0,0,0,0,3,0,0,0,0.0,0.0,0,0.0,0.0,0,21.95,0.0,0.0,0.0,21.95,2024-11,1173,1174,0,23,23,87.19
North America,2024-11-19,0,0,0,0,0,0,2,0,0,0,0,0,0,0,0,0,0,0,0,0,0.0,0.0,0,0.0,0.0,0,21.95,0.0,0.0,0.0,21.95,2024-11,2,121,0,18,0,87.19
North America,2024-11-20,1245,900,0,0,0,0,427,21886,15051,19811,254,5,0,0,0,0,0,19,23,52,759.46,25.7,0,0.0,0.0,0,109.75,21.95,300.1,396.22,1613.18,2024-11,59320,107284,0,14,8,87.19
North America,2024-11-21,0,2398,0,5734,0,0,0,0,0,0,0,10,0,4,0,0,0,0,0,0,0.0,95.0,0,153.65,0.0,0,0.0,0.0,0.0,0.0,248.65,2024-11,8132,15457,0,15,8,87.19
North America,2024-11-22,0,0,0,1528,6259,0,1,0,0,0,0,0,0,0,3,0,0,0,0,0,0.0,0.0,0,175.6,21.95,0,21.95,0.0,0.0,0.0,219.5,2024-11,7788,9338,0,19,16,87.19
North America,2024-11-23,0,0,0,0,0,0,35934,0,0,0,0,0,0,0,0,0,26,0,0,0,0.0,0.0,0,0.0,0.0,0,219.5,0.0,0.0,0.0,219.5,2024-11,35934,72366,0,11,5,87.19
North America,2024-11-24,0,0,0,0,0,0,869,20959,15749,14965,0,0,0,0,0,0,3,26,11,27,0.0,0.0,0,0.0,0.0,0,109.75,21.95,313.04,299.3,744.04,2024-11,52542,80885,0,15,10,87.19
North America,2024-11-25,0,0,0,0,0,0,0,0,0,0,0,0,0,0,0,0,0,0,0,0,0.0,0,0,0.0,0.0,0,0.0,0.0,0.0,0.0,0.0,0,0,0,0,0,0,0.0
North America,2024-11-26,0,0,0,0,0,0,0,0,0,0,0,0,0,0,0,0,0,0,0,0,0.0,0,0,0.0,0.0,0,0.0,0.0,0.0,0.0,0.0,0,0,0,0,0,0,0.0
North America,2024-11-27,0,0,0,0,0,0,0,0,0,0,0,0,0,0,0,0,0,0,0,0,0.0,0,0,0.0,0.0,0,0.0,0.0,0.0,0.0,0.0,0,0,0,0,0,0,0.0
North America,2024-11-28,0,0,0,0,0,0,0,0,0,0,0,0,0,0,0,0,0,0,0,0,0.0,0,0,0.0,0.0,0,0.0,0.0,0.0,0.0,0.0,0,0,0,0,0,0,0.0
North America,2024-11-29,0,0,0,0,0,0,0,0,0,0,0,0,0,0,0,0,0,0,0,0,0.0,0,0,0.0,0.0,0,0.0,0.0,0.0,0.0,0.0,0,0,0,0,0,0,0.0
North America,2024-11-30,0,0,0,0,0,0,0,0,0,0,0,0,0,0,0,0,0,0,0,0,0.0,0,0,0.0,0.0,0,0.0,0.0,0.0,0.0,0.0,0,0,0,0,0,0,0.0
North America,2024-12-01,0,0,0,0,0,0,0,0,0,0,0,0,0,0,0,0,0,0,0,0,0.0,0,0,0.0,0.0,0,0.0,0.0,0.0,0.0,0.0,0,0,0,0,0,0,0.0
North America,2024-12-02,0,0,0,0,0,0,0,0,0,0,0,0,0,0,0,0,0,0,0,0,0.0,0,0,0.0,0.0,0,0.0,0.0,0.0,0.0,0.0,0,0,0,0,0,0,0.0
North America,2024-12-03,0,0,0,0,0,0,0,0,0,0,0,0,0,0,0,0,0,0,0,0,0.0,0,0,0.0,0.0,0,0.0,0.0,0.0,0.0,0.0,0,0,0,0,0,0,0.0
North America,2024-12-04,0,0,0,0,0,0,0,0,0,0,0,0,0,0,0,0,0,0,0,0,0.0,0,0,0.0,0.0,0,0.0,0.0,0.0,0.0,0.0,0,0,0,0,0,0,0.0
North America,2024-12-05,1745,579,0,0,0,0,0,0,0,0,184,7,0,0,0,0,0,0,0,0,961.52,77.33,0,0.0,0.0,0,0.0,0.0,0.0,0.0,1038.85,2024-12,2324,8778,0,61,16,87.19
North America,2024-12-06,0,1420,0,5006,0,0,0,0,0,0,0,4,0,6,0,0,0,0,0,0,0.0,38.0,0,241.45,0.0,0,0.0,0.0,0.0,0.0,279.45,2024-12,6426,11526,0,68,38,87.19
North America,2024-12-07,0,0,0,390,4568,0,23865,0,0,0,0,0,0,0,2,0,20,0,0,0,0.0,0.0,0,87.8,21.95,0,153.65,0.0,0.0,0.0,263.4,2024-12,28823,73586,0,47,18,87.19
North America,2024-12-08,0,0,0,0,0,0,41519,17100,17351,13945,0,0,0,0,0,0,23,11,24,31,0.0,0.0,0,0.0,0.0,0,241.45,21.95,345.62,278.9,887.92,2024-12,89915,126226,0,62,44,87.19
North America,2024-12-09,1551,1739,0,1154,1164,0,4376,0,0,7157,167,9,0,1,1,0,3,0,0,14,783.13,88.36,0,329.25,21.95,0,87.8,0.0,0.0,143.14,1453.63,2024-12,17141,34675,0,90,44,87.19
North America,2024-12-10,4629,6138,0,13531,11862,0,98213,31261,28070,33176,275,27,0,13,4,0,103,25,31,59,896.95,205.16,0,658.5,43.9,0,987.75,43.9,559.62,663.52,4059.3,2024-12,226880,402667,0,58,33,87.19
North America,2024-12-11,0,0,0,0,0,0,472,21379,16208,15036,0,0,0,0,0,0,0,56,13,23,0.0,0.0,0,0.0,0.0,0,65.85,21.95,322.26,300.72,710.78,2024-12,53095,81824,0,140,91,87.19
North America,2024-12-12,0,0,0,0,0,0,0,0,0,0,0,0,0,0,0,0,0,0,0,0,0.0,0,0,0.0,0.0,0,0.0,0.0,0.0,0.0,0.0,0,0,0,0,0,0,0.0
North America,2024-12-13,0,0,0,0,0,0,0,0,0,0,0,0,0,0,0,0,0,0,0,0,0.0,0,0,0.0,0.0,0,0.0,0.0,0.0,0.0,0.0,0,0,0,0,0,0,0.0
North America,2024-12-14,2370,4221,0,4635,5063,0,65667,0,0,0,208,14,0,8,3,0,66,0,0,0,1093.76,143.83,0,329.25,21.95,0,373.15,0.0,0.0,0.0,1961.94,2024-12,81956,145396,0,33,19,87.19
North America,2024-12-15,5451,7096,0,804,980,0,16018,23893,28951,34793,430,22,0,0,2,0,13,26,44,70,1755.95,197.37,0,329.25,21.95,0,395.1,43.9,576.02,695.86,4015.4,2024-12,117986,200815,0,7,4,87.19
North America,2024-12-16,728,6132,0,6629,5772,0,49175,21456,13932,20683,105,13,0,9,5,0,38,11,10,48,313.95,114.78,0,373.15,21.95,0,395.1,21.95,277.98,413.66,1932.52,2024-12,124507,223210,0,24,13,87.19
North America,2024-12-17,0,0,0,7111,5939,0,35096,20682,15563,14527,0,0,0,5,3,0,28,26,16,28,0.0,0.0,0,285.35,21.95,0,395.1,21.95,309.92,290.54,1324.81,2024-12,98918,166670,0,38,23,87.19
North America,2024-12-18,0,0,0,0,0,0,0,0,0,0,0,0,0,0,0,0,0,0,0,0,0.0,0,0,0.0,0.0,0,0.0,0.0,0.0,0.0,0.0,0,0,0,0,0,0,0.0
North America,2024-12-19,0,0,0,0,0,0,0,0,0,0,0,0,0,0,0,0,0,0,0,0,0.0,0,0,0.0,0.0,0,0.0,0.0,0.0,0.0,0.0,0,0,0,0,0,0,0.0
North America,2024-12-20,2009,1313,0,761,0,0,0,0,0,0,126,8,0,0,0,0,0,0,0,0,653.93,83.22,0,87.8,0.0,0,0.0,0.0,0.0,0.0,824.95,2024-12,4083,13746,0,19,6,87.19
North America,2024-12-21,1883,1703,0,2976,3174,0,61514,15505,14542,21947,261,8,0,2,1,0,49,13,23,46,1192.14,80.29,0,417.05,21.95,0,395.1,21.95,290.02,438.94,2857.44,2024-12,123244,208563,0,16,9,87.19
North America,2024-12-22,4653,1937,0,5969,555,0,16518,9569,12734,13425,170,10,0,6,1,0,15,6,24,29,584.8,91.53,0,460.95,21.95,0,395.1,21.95,254.0,268.5,2098.78,2024-12,65360,116972,0,24,13,87.19
North America,2024-12-23,1560,3526,0,5629,7415,0,57737,21977,10579,20696,278,14,0,7,2,0,70,17,10,58,831.22,124.28,0,329.25,43.9,0,395.1,21.95,211.22,413.92,2370.84,2024-12,129119,227593,0,23,13,87.19
North America,2024-12-24,0,0,0,0,0,0,32345,20423,13003,14240,0,0,0,0,0,0,32,22,9,56,0.0,0.0,0,0.0,0.0,0,373.15,21.95,259.3,284.8,939.2,2024-12,80011,148990,0,18,10,87.19
North America,2024-12-25,0,0,0,0,0,0,0,0,0,0,0,0,0,0,0,0,0,0,0,0,0.0,0,0,0.0,0.0,0,0.0,0.0,0.0,0.0,0.0,0,0,0,0,0,0,0.0
North America,2024-12-26,0,0,0,0,0,0,0,0,0,0,0,0,0,0,0,0,0,0,0,0,0.0,0,0,0.0,0.0,0,0.0,0.0,0.0,0.0,0.0,0,0,0,0,0,0,0.0
North America,2024-12-27,1986,2270,0,2727,2869,0,785,0,0,0,87,8,0,1,1,0,1,0,0,0,436.86,83.22,0,329.25,21.95,0,65.85,0.0,0.0,0.0,937.13,2024-12,10637,24573,0,21,9,87.19
North America,2024-12-28,2008,1151,0,675,595,0,75922,15225,15005,22544,293,8,0,0,0,0,69,16,21,61,1360.57,80.29,0,307.3,21.95,0,570.7,21.95,299.06,450.88,3112.7,2024-12,133125,237362,0,24,13,87.19
North America,2024-12-29,4120,1589,0,6196,2951,0,55059,9665,11796,13870,172,10,0,7,2,0,67,10,19,16,591.68,84.59,0,329.25,21.95,0,417.05,21.95,235.12,277.4,1978.99,2024-12,105246,176051,0,30,18,87.19
North America,2024-12-30,1489,1110,0,4498,3859,0,31011,20995,13034,20747,225,8,0,5,1,0,34,14,20,53,672.75,67.28,0,329.25,21.95,0,373.15,21.95,259.82,414.94,2161.09,2024-12,96743,183497,0,22,12,87.19
North America,2024-12-31,0,0,0,0,0,0,999,20340,14898,14052,0,0,0,0,0,0,2,31,14,50,0.0,0.0,0,0.0,0.0,0,109.75,21.95,296.64,281.04,709.38,2024-12,50289,77302,0,25,16,87.19
North America,2025-01-01,0,0,0,0,0,0,0,0,0,0,0,0,0,0,0,0,0,0,0,0,0.0,0,0,0.0,0.0,0,0.0,0.0,0.0,0.0,0.0,0,0,0,0,0,0,0.0
North America,2025-01-02,0,0,0,0,0,0,0,0,0,0,0,0,0,0,0,0,0,0,0,0,0.0,0,0,0.0,0.0,0,0.0,0.0,0.0,0.0,0.0,0,0,0,0,0,0,0.0
North America,2025-01-03,2656,1833,0,4951,5860,0,53852,0,0,0,105,12,0,1,4,0,41,0,0,0,538.22,121.22,0,329.25,21.95,0,263.4,0.0,0.0,0.0,1274.04,2025-01,69152,134952,0,36,18,87.19
North America,2025-01-04,6043,2915,0,1174,1374,0,17174,26743,29202,35260,333,12,0,0,0,0,15,27,37,75,1415.82,116.86,0,329.25,21.95,0,526.8,43.9,581.7,705.2,3741.48,2025-01,119885,210825,0,29,16,87.19
North America,2025-01-05,1451,4927,0,7398,7100,0,52449,21689,13409,20405,237,20,0,3,2,0,86,30,20,44,708.63,152.63,0,329.25,21.95,0,395.1,21.95,267.14,408.1,2304.75,2025-01,128828,234544,0,27,15,87.19
North America,2025-01-06,0,1232,0,7624,6094,0,34684,20915,17067,14410,0,5,0,6,6,0,31,16,15,30,0.0,47.5,0,329.25,21.95,0,373.15,21.95,339.72,288.2,1421.72,2025-01,102026,166107,0,38,23,87.19
North America,2025-01-07,0,0,0,0,0,0,0,0,0,0,0,0,0,0,0,0,0,0,0,0,0.0,0,0,0.0,0.0,0,0.0,0.0,0.0,0.0,0.0,0,0,0,0,0,0,0.0
North America,2025-01-08,0,0,0,0,0,0,0,0,0,0,0,0,0,0,0,0,0,0,0,0,0.0,0,0,0.0,0.0,0,0.0,0.0,0.0,0.0,0.0,0,0,0,0,0,0,0.0
North America,2025-01-09,1664,0,0,0,0,0,0,0,0,0,104,0,0,0,0,0,0,0,0,0,573.04,0.0,0,0.0,0.0,0,0.0,0.0,0.0,0.0,573.04,2025-01,1664,16605,0,38,4,87.19
North America,2025-01-10,1133,5071,0,4495,6131,0,61429,17490,0,0,47,12,0,2,1,0,33,15,0,0,207.74,114.0,0,329.25,21.95,0,395.1,21.95,0.0,0.0,1089.99,2025-01,95749,196983,0,34,17,87.19
North America,2025-01-11,6122,3449,0,1276,1261,0,16078,9765,28089,33751,287,23,0,2,0,0,12,4,37,48,1264.78,208.91,0,373.15,21.95,0,395.1,21.95,559.64,675.02,3520.5,2025-01,99791,156331,0,25,16,87.19
North America,2025-01-12,1592,2258,0,6907,5549,0,51586,21017,14706,19431,236,14,0,8,3,0,71,36,19,50,705.64,115.56,0,307.3,21.95,0,395.1,21.95,293.14,388.62,2249.26,2025-01,123046,226927,0,21,11,87.19
North America,2025-01-13,0,0,0,6857,5766,0,23200,20360,16447,13753,0,0,0,6,2,0,33,22,18,25,0.0,0.0,0,307.3,21.95,0,329.25,21.95,326.6,275.06,1282.11,2025-01,86383,152563,0,24,14,87.19
North America,2025-01-14,0,0,0,0,0,0,0,0,0,0,0,0,0,0,0,0,0,0,0,0,0.0,0,0,0.0,0.0,0,0.0,0.0,0.0,0.0,0.0,0,0,0,0,0,0,0.0
North America,2025-01-15,0,0,0,0,0,0,0,0,0,0,0,0,0,0,0,0,0,0,0,0,0.0,0,0,0.0,0.0,0,0.0,0.0,0.0,0.0,0.0,0,0,0,0,0,0,0.0
North America,2025-01-16,4831,0,0,0,0,0,0,0,0,0,294,0,0,0,0,0,0,0,0,0,1567.62,0.0,0,0.0,0.0,0,0.0,0.0,0.0,0.0,1567.62,2025-01,4831,16735,0,36,10,87.19
North America,2025-01-17,0,1392,0,5500,5531,0,63517,24996,0,0,0,11,0,8,7,0,40,23,0,0,0.0,111.72,0,329.25,21.95,0,395.1,21.95,0.0,0.0,879.97,2025-01,100936,199179,0,45,23,87.19
North America,2025-01-18,6995,6154,0,2143,2349,0,18197,11023,28522,34296,533,26,0,0,6,0,17,6,44,62,2183.32,233.33,0,351.2,21.95,0,395.1,21.95,567.78,685.92,4460.55,2025-01,109679,167299,0,47,31,87.19
North America,2025-01-19,1707,4262,0,7163,5484,0,58630,21340,13853,19183,252,13,0,6,8,0,61,29,14,40,753.48,110.42,0,307.3,21.95,0,373.15,21.95,276.24,383.66,2248.15,2025-01,131622,238481,0,42,23,87.19
North America,2025-01-20,0,0,0,5920,4080,0,28255,17218,15537,13027,0,0,0,5,2,0,37,20,15,34,0.0,0.0,0,329.25,21.95,0,373.15,21.95,309.5,260.54,1316.34,2025-01,84037,142437,0,43,25,87.19
North America,2025-01-21,0,0,0,0,0,0,0,0,0,0,0,0,0,0,0,0,0,0,0,0,0.0,0,0,0.0,0.0,0,0.0,0.0,0.0,0.0,0.0,0,0,0,0,0,0,0.0
North America,2025-01-22,0,0,0,0,0,0,0,0,0,0,0,0,0,0,0,0,0,0,0,0,0.0,0,0,0.0,0.0,0,0.0,0.0,0.0,0.0,0.0,0,0,0,0,0,0,0.0
North America,2025-01-23,2991,2572,0,29,0,0,0,0,0,0,173,10,0,0,0,0,0,0,0,0,888.92,105.83,0,43.9,0.0,0,0.0,0.0,0.0,0.0,1038.65,2025-01,5592,34063,0,52,9,87.19
North America,2025-01-24,1680,1190,0,2962,2228,0,63138,26816,16191,19834,223,10,0,4,3,0,51,18,26,45,1036.82,97.86,0,307.3,21.95,0,373.15,21.95,322.7,396.68,2578.41,2025-01,134039,197576,0,55,37,87.19
North America,2025-01-25,4381,5614,0,7185,1703,0,20825,13594,12548,13740,177,14,0,8,2,0,21,5,23,18,608.88,119.12,0,504.85,21.95,0,373.15,21.95,249.4,274.8,2174.1,2025-01,79590,127852,0,47,29,87.19
North America,2025-01-26,1617,6075,0,4422,5421,0,55987,20969,14838,19102,234,16,0,3,6,0,96,28,22,42,699.66,121.48,0,329.25,21.95,0,395.1,21.95,295.96,382.04,2267.39,2025-01,128431,218403,0,33,19,87.19
North America,2025-01-27,0,0,0,668,2128,0,23594,10834,15679,12132,0,0,0,1,1,0,31,10,11,30,0.0,0.0,0,131.7,21.95,0,373.15,21.95,312.34,242.64,1103.73,2025-01,65035,113346,0,22,13,87.19
North America,2025-01-28,0,0,0,0,0,0,0,0,0,0,0,0,0,0,0,0,0,0,0,0,0.0,0,0,0.0,0.0,0,0.0,0.0,0.0,0.0,0.0,0,0,0,0,0,0,0.0
North America,2025-01-29,0,0,0,0,0,0,0,0,0,0,0,0,0,0,0,0,0,0,0,0,0.0,0,0,0.0,0.0,0,0.0,0.0,0.0,0.0,0.0,0,0,0,0,0,0,0.0
North America,2025-01-30,2588,3135,0,1317,0,0,0,0,0,0,170,12,0,1,0,0,0,0,0,0,884.38,139.27,0,175.6,0.0,0,0.0,0.0,0.0,0.0,1199.25,2025-01,7040,36010,0,31,6,87.19
North America,2025-01-31,4766,4133,0,8187,2036,0,82700,27798,26411,33939,342,20,0,1,2,0,55,17,40,53,1464.33,174.08,0,812.15,43.9,0,768.25,43.9,526.28,678.78,4511.67,2025-01,189970,288172,0,27,18,87.19
North America,2025-02-01,1175,4402,0,3435,5665,0,54111,21817,10075,19050,193,14,0,4,12,0,73,19,13,38,577.07,124.28,0,241.45,21.95,0,395.1,21.95,200.82,381.0,1963.62,2025-02,119730,200381,0,13,8,87.19
North America,2025-02-02,0,0,0,526,2233,0,23407,10904,13128,13010,0,0,0,0,4,0,22,12,6,29,0.0,0.0,0,87.8,21.95,0,373.15,21.95,260.18,260.2,1025.23,2025-02,63208,103863,0,18,11,87.19
North America,2025-02-03,0,0,0,0,0,0,0,0,0,0,0,0,0,0,0,0,0,0,0,0,0.0,0,0,0.0,0.0,0,0.0,0.0,0.0,0.0,0.0,0,0,0,0,0,0,0.0
North America,2025-02-04,4916,2623,0,1150,1883,0,58348,14410,13415,19963,483,16,0,2,3,0,46,22,17,37,2365.11,160.65,0,658.5,43.9,0,395.1,21.95,267.68,399.26,4312.15,2025-02,116708,174994,0,26,17,87.19
North America,2025-02-05,5377,5518,0,10752,4999,0,70215,34588,23967,33095,333,28,0,12,6,0,128,32,47,65,1065.87,240.73,0,592.65,21.95,0,768.25,43.9,477.82,661.9,3873.07,2025-02,188511,299120,0,39,25,87.19
North America,2025-02-06,0,0,0,229,2291,0,23702,10456,15707,11088,0,0,0,1,1,0,26,13,10,48,0.0,0.0,0,65.85,21.95,0,351.2,21.95,310.12,221.76,992.83,2025-02,63473,107136,0,76,45,87.19
North America,2025-02-07,5900,2719,0,641,1903,0,61372,11841,15669,19887,343,19,0,0,1,0,60,25,25,35,1699.94,186.97,0,614.6,43.9,0,460.95,21.95,312.4,397.74,3738.45,2025-02,119932,187189,0,48,31,87.19
North America,2025-02-08,2302,4394,0,10309,5798,0,92903,34651,23562,33225,472,17,0,15,5,0,131,34,36,64,1515.23,153.67,0,658.5,43.9,0,1031.65,43.9,469.46,664.5,4580.81,2025-02,207144,339916,0,53,32,87.19
North America,2025-02-09,0,0,0,0,0,0,2,10392,14249,10804,0,0,0,0,0,0,0,19,8,23,0.0,0.0,0,0.0,0.0,0,21.95,21.95,283.82,216.08,543.8,2025-02,35447,55497,0,58,37,87.19
North America,2025-02-10,5729,4118,0,4356,6409,0,82258,16156,17493,19990,427,17,0,4,4,0,64,17,24,35,2113.8,178.8,0,658.5,43.9,0,658.5,21.95,348.46,399.8,4423.71,2025-02,156509,260213,0,42,25,87.19
North America,2025-02-11,1751,6432,0,13117,8369,0,79433,45477,42125,44883,383,24,0,7,14,0,104,50,68,85,1208.17,207.98,0,658.5,43.9,0,899.95,65.85,837.56,897.66,4819.57,2025-02,241587,410270,0,48,28,87.19
North America,2025-02-12,0,0,0,0,0,0,0,0,0,0,0,0,0,0,0,0,0,0,0,0,0.0,0,0,0.0,0.0,0,0.0,0.0,0.0,0.0,0.0,0,0,0,0,0,0,0.0
North America,2025-02-13,5978,3696,0,7672,7445,0,83529,35950,17046,19381,477,16,0,10,6,0,66,20,27,36,2362.2,158.47,0,658.5,43.9,0,768.25,43.9,339.54,387.62,4762.38,2025-02,180697,324088,0,91,51,87.19
North America,2025-02-14,1875,6553,0,12150,7720,0,80303,30855,41265,45223,364,23,0,7,7,0,93,33,63,106,1146.86,188.07,0,658.5,43.9,0,746.3,43.9,820.9,904.46,4552.89,2025-02,225944,375903,0,104,63,87.19
North America,2025-02-15,0,0,0,0,0,0,0,0,0,0,0,0,0,0,0,0,0,0,0,0,0.0,0,0,0.0,0.0,0,0.0,0.0,0.0,0.0,0.0,0,0,0,0,0,0,0.0
North America,2025-02-16,5418,3797,0,6333,6569,0,81173,32262,27486,25135,558,17,0,5,9,0,68,23,50,57,2799.27,169.4,0,658.5,43.9,0,746.3,43.9,547.84,502.7,5511.81,2025-02,188173,330566,0,67,38,87.19
North America,2025-02-17,1735,5613,0,11360,6669,0,89041,32815,27087,38519,319,18,0,8,5,0,112,41,35,66,1003.76,150.09,0,658.5,43.9,0,746.3,43.9,540.16,770.38,3956.99,2025-02,212839,364638,0,74,43,87.19
North America,2025-02-18,0,0,0,0,0,0,0,0,0,0,0,0,0,0,0,0,0,0,0,0,0.0,0,0,0.0,0.0,0,0.0,0.0,0.0,0.0,0.0,0,0,0,0,0,0,0.0
North America,2025-02-19,5211,4209,0,5698,6942,0,80738,31327,24293,33886,531,23,0,4,7,0,46,23,47,68,2357.02,209.66,0,658.5,43.9,0,746.3,43.9,483.78,677.72,5220.78,2025-02,192304,335213,0,85,49,87.19
North America,2025-02-20,1172,3549,0,11304,6471,0,89080,31392,25036,31572,278,15,0,4,13,0,105,49,34,86,831.22,138.14,0,658.5,43.9,0,768.25,43.9,498.92,631.44,3614.27,2025-02,199576,334277,0,100,60,87.19
North America,2025-02-21,0,0,0,0,0,0,0,0,0,0,0,0,0,0,0,0,0,0,0,0,0.0,0,0,0.0,0.0,0,0.0,0.0,0.0,0.0,0.0,0,0,0,0,0,0,0.0
North America,2025-02-22,5820,7262,0,5339,7536,0,76737,31107,22318,34669,532,26,0,9,8,0,68,22,29,51,2395.61,243.2,0,702.4,43.9,0,768.25,43.9,445.02,693.38,5335.66,2025-02,190788,335000,0,73,42,87.19
North America,2025-02-23,891,2019,0,10663,7437,0,75567,33586,22160,32508,203,9,0,9,9,0,110,28,36,71,606.97,72.42,0,614.6,43.9,0,768.25,43.9,441.52,650.16,3241.72,2025-02,184831,313723,0,78,46,87.19
North America,2025-02-24,0,0,0,0,0,0,0,0,0,0,0,0,0,0,0,0,0,0,0,0,0.0,0,0,0.0,0.0,0,0.0,0.0,0.0,0.0,0.0,0,0,0,0,0,0,0.0
North America,2025-02-25,7389,4853,0,8947,10473,0,75868,25098,24608,34356,903,29,0,10,10,0,74,19,48,62,4205.92,273.74,0,987.75,65.85,0,790.2,43.9,490.98,687.12,7545.46,2025-02,191592,326989,0,131,77,87.19
North America,2025-02-26,1390,2827,0,3632,2234,0,95921,32981,22505,33425,338,10,0,5,1,0,115,33,30,76,1010.62,73.2,0,329.25,21.95,0,724.35,43.9,448.48,668.5,3320.25,2025-02,194915,314824,0,114,71,87.19
North America,2025-02-27,3700,812,0,860,0,0,0,0,0,0,309,8,0,1,0,0,0,0,0,0,1663.35,90.44,0,109.75,0.0,0,0.0,0.0,0.0,0.0,1863.54,2025-02,5372,23100,0,77,18,87.19
North America,2025-02-28,2696,6406,0,9144,10430,0,153641,27294,21520,34336,498,16,0,5,10,0,148,24,47,53,2099.82,149.96,0,878.0,65.85,0,1009.7,43.9,429.12,686.72,5363.07,2025-02,265467,414184,0,71,46,87.19
North America,2025-03-01,1395,1373,0,3170,2322,0,23434,31121,21692,32928,287,8,0,1,2,0,30,48,41,64,858.13,67.28,0,329.25,21.95,0,439.0,43.9,432.54,658.56,2850.61,2025-03,117435,196886,0,72,43,87.19
North America,2025-03-02,3624,1622,0,3431,0,0,0,0,0,0,348,8,0,1,0,0,0,0,0,0,1819.38,79.61,0,263.4,0.0,0,0.0,0.0,0.0,0.0,2162.39,2025-03,8677,27111,0,97,31,87.19
North America,2025-03-03,2188,4431,0,9877,12836,0,145803,34719,23313,34196,345,20,0,5,17,0,132,27,33,62,1525.8,178.98,0,724.35,65.85,0,1097.5,43.9,464.74,683.92,4785.04,2025-03,267363,420091,0,111,71,87.19
North America,2025-03-04,1329,1597,0,4129,2277,0,23047,32095,23989,30458,233,8,0,4,2,0,23,58,37,68,696.67,62.92,0,329.25,21.95,0,417.05,43.9,477.96,609.16,2658.86,2025-03,118921,202892,0,79,46,87.19
North America,2025-03-05,3823,1754,0,4142,3681,0,369,0,0,0,274,9,0,3,1,0,0,0,0,0,1437.8,85.5,0,329.25,21.95,0,21.95,0.0,0.0,0.0,1896.45,2025-03,13769,34376,0,83,33,87.19
North America,2025-03-06,3500,3953,0,8918,5989,0,126600,41078,34278,54122,540,17,0,9,7,0,117,69,48,87,2076.6,153.95,0,658.5,43.9,0,1119.45,65.85,682.76,1082.44,5883.45,2025-03,278438,536385,0,107,56,87.19
North America,2025-03-07,0,2242,0,3508,1643,0,8023,3008,10927,15123,0,9,0,3,3,0,10,4,13,32,0.0,81.14,0,329.25,43.9,0,307.3,21.95,217.76,302.46,1303.76,2025-03,44474,76482,0,58,34,87.19
North America,2025-03-08,3676,2289,0,2467,5305,0,58952,0,0,0,236,9,0,3,2,0,41,0,0,0,1222.97,96.33,0,329.25,21.95,0,263.4,0.0,0.0,0.0,1933.9,2025-03,72689,140649,0,74,38,87.19
North America,2025-03-09,3983,7416,0,8422,1486,0,93138,11943,48845,61760,596,34,0,8,1,0,104,30,72,99,2145.79,282.0,0,658.5,65.85,0,899.95,65.85,973.14,1235.2,6326.28,2025-03,236993,403540,0,88,52,87.19
North America,2025-03-10,0,0,0,0,0,0,0,0,0,0,0,0,0,0,0,0,0,0,0,0,0.0,0,0,0.0,0.0,0,0.0,0.0,0.0,0.0,0.0,0,0,0,0,0,0,0.0
North America,2025-03-11,8338,8356,0,7314,3,0,165917,10328,43148,58954,808,35,0,4,0,0,152,4,55,123,3289.39,296.14,0,219.5,43.9,0,1097.5,21.95,859.76,1179.08,7007.22,2025-03,302358,552164,0,86,47,87.19
North America,2025-03-12,4633,1007,0,2174,1,0,58561,0,15037,19946,351,5,0,1,0,0,32,0,28,35,1777.54,54.72,0,21.95,21.95,0,285.35,21.95,299.98,398.92,2882.36,2025-03,101359,198410,0,91,46,87.19
North America,2025-03-13,4537,2594,0,9072,0,0,104351,12597,26239,39334,579,19,0,3,0,0,135,20,39,75,2042.46,157.2,0,197.55,0.0,0,570.7,21.95,523.02,786.68,4299.56,2025-03,198724,355669,0,98,55,87.19
North America,2025-03-14,9164,2626,0,3711,0,0,159523,11578,42868,59546,1173,15,0,4,0,0,181,18,64,106,5134.91,115.59,0,197.55,0.0,0,856.05,43.9,854.72,1190.92,8393.64,2025-03,289016,516980,0,103,58,87.19
North America,2025-03-15,6911,0,0,3766,1,0,153511,0,32390,52654,970,0,0,0,0,0,137,0,62,103,4269.44,0.0,0,197.55,21.95,0,636.55,0.0,645.98,1053.08,6824.55,2025-03,249233,435690,0,123,70,87.19
North America,2025-03-16,3678,7351,0,1926,0,0,81628,11299,20157,28055,278,20,0,0,0,0,60,16,25,57,1455.48,215.27,0,21.95,0.0,0,439.0,21.95,401.62,561.1,3116.37,2025-03,154094,282746,0,91,50,87.19
North America,2025-03-17,3162,18408,0,9728,0,0,109824,11522,25088,44012,568,80,0,5,0,0,123,15,32,92,2261.12,648.98,0,197.55,0.0,0,592.65,21.95,499.28,880.24,5101.77,2025-03,221744,364170,0,91,55,87.19
North America,2025-03-18,8250,16824,0,10907,0,0,179719,1,32631,52371,1012,83,0,5,0,0,169,1,45,123,4253.84,729.31,0,197.55,0.0,0,812.15,43.9,649.44,1047.42,7733.61,2025-03,300703,545334,0,85,47,87.19
North America,2025-03-19,4042,3771,0,2,0,0,1467,11446,7187,11269,337,18,0,0,0,0,2,11,7,15,1799.1,196.27,0,43.9,0.0,0,65.85,21.95,143.2,225.38,2495.65,2025-03,39184,67038,0,60,35,87.19
North America,2025-03-20,2848,9948,0,9198,1021,0,163001,17910,36160,47138,467,36,0,4,2,0,143,34,36,85,1967.08,318.53,0,921.9,65.85,0,1163.35,65.85,719.8,942.76,6165.12,2025-03,287224,502359,0,140,80,87.19
North America,2025-03-21,1473,6904,0,1098,164,0,22930,11826,7295,19593,272,31,0,1,0,0,29,5,10,32,813.28,216.02,0,219.5,21.95,0,373.15,43.9,145.24,391.86,2224.9,2025-03,71283,114212,0,129,81,87.19
North America,2025-03-22,3365,4788,0,2750,3327,0,86,0,0,0,226,19,0,4,4,0,0,0,0,0,1208.2,191.33,0,329.25,21.95,0,21.95,0.0,0.0,0.0,1772.68,2025-03,14316,45849,0,108,34,87.19
North America,2025-03-23,2622,8248,0,10021,9183,0,161921,53919,21241,34472,491,32,0,11,7,0,136,60,23,75,2098.39,284.0,0,658.5,43.9,0,1053.6,43.9,422.96,689.44,5294.69,2025-03,301627,553059,0,79,43,87.19
North America,2025-03-24,1322,7220,0,1804,1366,0,21414,67966,21326,38570,268,31,0,4,4,0,29,74,38,74,801.32,211.66,0,219.5,21.95,0,570.7,43.9,424.46,771.4,3064.89,2025-03,160988,365445,0,64,28,87.19
North America,2025-03-25,2786,0,0,0,0,0,0,0,0,0,163,0,0,0,0,0,0,0,0,0,862.16,0.0,0,0.0,0.0,0,0.0,0.0,0.0,0.0,862.16,2025-03,2786,14502,0,95,18,87.19
North America,2025-03-26,2992,11941,0,6598,6658,0,90390,51252,21548,33625,465,51,0,10,9,0,84,48,34,68,2026.2,470.57,0,724.35,43.9,0,768.25,43.9,429.24,672.5,5178.91,2025-03,225004,486147,0,90,42,87.19
North America,2025-03-27,1361,5551,0,9181,7728,0,97151,60607,21307,49718,218,22,0,8,10,0,126,48,17,114,651.82,200.28,0,482.9,43.9,0,878.0,43.9,424.22,994.36,3719.38,2025-03,252604,541546,0,121,56,87.19
North America,2025-03-28,0,0,0,0,0,0,0,0,0,0,0,0,0,0,0,0,0,0,0,0,0.0,0,0,0.0,0.0,0,0.0,0.0,0.0,0.0,0.0,0,0,0,0,0,0,0.0
North America,2025-03-29,2868,2631,0,3194,3793,0,70532,0,0,0,166,14,0,1,2,0,42,0,0,0,843.81,140.22,0,329.25,21.95,0,307.3,0.0,0.0,0.0,1642.53,2025-03,83018,158754,0,145,76,87.19
North America,2025-03-30,4154,6021,0,9215,8794,0,104225,49404,21170,33506,720,28,0,11,20,0,121,49,35,81,3118.8,263.35,0,658.5,43.9,0,790.2,43.9,422.26,670.12,6011.03,2025-03,236489,443577,0,132,70,87.19
North America,2025-03-31,2278,2032,0,1858,1299,0,20163,58502,21260,52956,342,17,0,1,3,0,21,72,28,108,1022.58,144.06,0,219.5,21.95,0,570.7,43.9,423.32,1059.12,3505.13,2025-03,160348,373799,0,144,62,87.19
North America,2025-04-01,0,0,0,0,0,0,0,0,0,0,0,0,0,0,0,0,0,0,0,0,0.0,0,0,0.0,0.0,0,0.0,0.0,0.0,0.0,0.0,0,0,0,0,0,0,0.0
North America,2025-04-02,5966,3866,0,5272,5427,0,88839,31031,14225,23155,858,22,0,9,4,0,81,12,18,32,4325.89,221.26,0,658.5,43.9,0,658.5,21.95,283.4,463.1,6676.5,2025-04,177781,342664,0,97,50,87.19
North America,2025-04-03,3719,5686,0,9642,7434,0,102256,57263,17448,32003,532,32,0,7,10,0,100,40,30,59,1678.88,279.71,0,548.75,43.9,0,856.05,43.9,347.24,640.06,4438.49,2025-04,235451,495028,0,38,18,87.19
North America,2025-04-04,0,0,0,0,0,0,534,23906,6060,32858,0,0,0,0,0,0,3,14,5,67,0.0,0.0,0,0.0,0.0,0,87.8,21.95,120.9,657.16,887.81,2025-04,63358,111677,0,46,26,87.19
North America,2025-04-05,0,0,0,0,0,0,0,0,0,0,0,0,0,0,0,0,0,0,0,0,0.0,0,0,0.0,0.0,0,0.0,0.0,0.0,0.0,0.0,0,0,0,0,0,0,0.0
North America,2025-04-06,0,0,0,0,0,0,0,0,0,0,0,0,0,0,0,0,0,0,0,0,0.0,0,0,0.0,0.0,0,0.0,0.0,0.0,0.0,0.0,0,0,0,0,0,0,0.0
North America,2025-04-07,0,0,0,0,0,0,0,0,0,0,0,0,0,0,0,0,0,0,0,0,0.0,0,0,0.0,0.0,0,0.0,0.0,0.0,0.0,0.0,0,0,0,0,0,0,0.0
North America,2025-04-08,0,0,0,0,0,0,0,0,0,0,0,0,0,0,0,0,0,0,0,0,0.0,0,0,0.0,0.0,0,0.0,0.0,0.0,0.0,0.0,0,0,0,0,0,0,0.0
North America,2025-04-09,0,0,0,0,0,0,0,0,0,0,0,0,0,0,0,0,0,0,0,0,0.0,0,0,0.0,0.0,0,0.0,0.0,0.0,0.0,0.0,0,0,0,0,0,0,0.0
North America,2025-04-10,1879,0,0,0,0,0,0,0,0,0,165,0,0,0,0,0,0,0,0,0,909.15,0.0,0,0.0,0.0,0,0.0,0.0,0.0,0.0,909.15,2025-04,1879,9871,0,97,18,87.19
North America,2025-04-11,561,3655,0,3256,0,0,0,0,0,0,26,18,0,1,0,0,0,0,0,0,114.92,178.22,0,109.75,0.0,0,0.0,0.0,0.0,0.0,402.89,2025-04,7472,15001,0,113,56,87.19
North America,2025-04-12,0,0,0,2872,0,0,0,0,0,0,0,0,0,2,0,0,0,0,0,0,0.0,0.0,0,175.6,0.0,0,0.0,0.0,0.0,0.0,175.6,2025-04,2872,3046,0,134,126,87.19
North America,2025-04-13,0,0,0,256,5270,0,17718,0,0,0,0,0,0,0,5,0,12,0,0,0,0.0,0.0,0,43.9,21.95,0,87.8,0.0,0.0,0.0,153.65,2025-04,23244,38307,0,134,81,87.19
North America,2025-04-14,0,0,0,0,0,0,43533,0,0,0,0,0,0,0,0,0,36,0,0,0,0.0,0.0,0,0.0,0.0,0,197.55,0.0,0.0,0.0,197.55,2025-04,43533,79481,0,227,124,87.19
North America,2025-04-15,428,0,0,0,0,0,867,25378,13141,22966,113,0,0,0,0,0,0,22,25,41,558.22,0.0,0,0.0,0.0,0,109.75,21.95,261.22,459.32,1410.46,2025-04,62780,112618,0,167,93,87.19
North America,2025-04-16,459,2568,0,639,0,0,0,0,0,0,65,13,0,1,0,0,0,0,0,0,291.85,129.22,0,87.8,0.0,0,0.0,0.0,0.0,0.0,508.87,2025-04,3666,10273,0,14,5,87.19
North America,2025-04-17,1098,3784,0,1858,2469,0,19667,31064,4824,10072,128,18,0,2,3,0,20,9,7,10,440.32,157.12,0,241.45,21.95,0,351.2,21.95,96.2,201.44,1531.63,2025-04,74836,195663,0,53,20,87.19
North America,2025-04-18,0,0,0,7461,5370,0,84178,0,0,0,0,0,0,8,9,0,87,0,0,0,0.0,0.0,0,329.25,21.95,0,351.2,0.0,0.0,0.0,702.4,2025-04,97009,155372,0,27,17,87.19
North America,2025-04-19,0,0,0,0,0,0,72,30279,12867,3596,0,0,0,0,0,0,0,19,17,4,0.0,0.0,0,0.0,0.0,0,43.9,21.95,256.16,71.92,393.93,2025-04,46814,153308,0,16,5,87.19
North America,2025-04-20,1128,0,0,0,0,0,0,0,0,17561,146,0,0,0,0,0,0,0,0,35,436.54,0.0,0,0.0,0.0,0,0.0,0.0,0.0,351.22,787.76,2025-04,18689,20369,0,26,24,87.19
North America,2025-04-21,0,2281,0,0,0,0,0,0,0,0,0,14,0,0,0,0,0,0,0,0,0.0,124.28,0,0.0,0.0,0,0.0,0.0,0.0,0.0,124.28,2025-04,2281,6535,0,90,31,87.19
North America,2025-04-22,0,2104,0,2070,1532,0,19210,27711,6697,33015,0,7,0,1,2,0,28,10,7,75,0.0,57.78,0,219.5,21.95,0,482.9,21.95,133.36,660.3,1597.74,2025-04,92339,198820,0,140,65,87.19
North America,2025-04-23,0,0,0,0,0,0,0,0,0,0,0,0,0,0,0,0,0,0,0,0,0.0,0,0,0.0,0.0,0,0.0,0.0,0.0,0.0,0.0,0,0,0,0,0,0,0.0
North America,2025-04-24,0,0,0,0,0,0,0,0,0,0,0,0,0,0,0,0,0,0,0,0,0.0,0,0,0.0,0.0,0,0.0,0.0,0.0,0.0,0.0,0,0,0,0,0,0,0.0
North America,2025-04-25,1338,3622,0,4081,0,0,0,0,0,0,115,18,0,6,0,0,0,0,0,0,602.04,189.05,0,153.65,0.0,0,0.0,0.0,0.0,0.0,944.74,2025-04,9041,27227,0,237,79,87.19
North America,2025-04-26,682,1949,0,1271,4478,0,50399,31073,17381,24042,128,12,0,0,5,0,42,20,25,55,602.62,118.29,0,197.55,21.95,0,395.1,21.95,345.72,480.84,2184.02,2025-04,131275,228915,0,156,89,87.19
North America,2025-04-27,807,4322,0,8026,2144,0,20088,31506,4938,9943,77,21,0,8,2,0,28,7,9,15,264.88,185.62,0,570.7,21.95,0,373.15,21.95,98.3,198.86,1735.41,2025-04,81774,187289,0,187,82,87.19
North America,2025-04-28,741,4872,0,2293,5329,0,86579,29361,13113,22386,85,24,0,1,7,0,76,36,23,45,254.15,210.56,0,285.35,43.9,0,395.1,21.95,261.04,447.72,1919.77,2025-04,164674,344724,0,340,162,87.19
North America,2025-04-29,0,0,0,0,0,0,29184,28968,6797,33586,0,0,0,0,0,0,36,9,6,49,0.0,0.0,0,0.0,0.0,0,504.85,21.95,135.32,671.72,1333.84,2025-04,98535,208490,0,317,150,87.19
North America,2025-04-30,0,0,0,0,0,0,0,0,0,0,0,0,0,0,0,0,0,0,0,0,0.0,0,0,0.0,0.0,0,0.0,0.0,0.0,0.0,0.0,0,0,0,0,0,0,0.0
North America,2025-05-01,1284,8860,0,5856,6914,0,71013,57735,22294,31619,176,44,0,4,9,0,75,27,31,58,809.53,413.05,0,658.5,43.9,0,768.25,43.9,443.86,632.38,3813.37,2025-05,205575,430674,0,122,58,87.19
North America,2025-05-02,490,4015,0,8914,5733,0,124076,56719,24222,54421,54,16,0,7,5,0,114,42,31,93,161.46,152.0,0,548.75,65.85,0,812.15,65.85,481.82,1088.42,3376.3,2025-05,278590,539676,0,149,77,87.19
North America,2025-05-03,20,3895,0,3272,0,0,0,0,0,0,0,15,0,3,0,0,0,0,0,0,0.0,160.55,0,131.7,0.0,0,0.0,0.0,0.0,0.0,292.25,2025-05,7187,20598,0,113,39,87.19
North America,2025-05-04,156,5057,0,9795,11829,0,149746,96340,36303,48204,23,27,0,7,16,0,141,64,55,89,112.12,245.48,0,856.05,65.85,0,1185.3,65.85,722.18,964.08,4216.91,2025-05,357430,736286,0,326,158,87.19
North America,2025-05-05,0,4344,0,2426,3750,0,35473,29126,8858,37113,0,21,0,2,3,0,46,7,12,68,0.0,164.62,0,219.5,43.9,0,460.95,43.9,176.76,742.26,1851.89,2025-05,121090,213081,0,309,176,87.19
North America,2025-05-06,116,4201,0,3858,5214,0,33417,59372,14478,21591,7,18,0,6,5,0,17,20,19,39,35.15,195.52,0,329.25,21.95,0,373.15,21.95,287.82,431.82,1696.61,2025-05,142247,241855,0,204,120,87.19
North America,2025-05-07,47,8217,0,10784,11599,0,111571,101664,12519,51118,10,44,0,12,14,0,127,63,11,77,34.4,359.63,0,878.0,65.85,0,1229.2,65.85,249.5,1022.36,3904.79,2025-05,307519,599595,0,187,96,87.19
North America,2025-05-08,0,0,0,0,0,0,0,0,0,14090,0,0,0,0,0,0,0,0,0,17,0.0,0.0,0,0.0,0.0,0,0.0,0.0,0.0,281.8,281.8,2025-05,14090,17758,0,177,140,87.19
North America,2025-05-09,327,7677,0,10805,6685,0,56872,87820,7350,31485,22,33,0,11,8,0,55,43,8,53,89.6,320.11,0,921.9,43.9,0,790.2,43.9,145.66,629.7,2984.97,2025-05,209021,391049,0,142,76,87.19
North America,2025-05-10,0,2694,0,2527,9399,0,75432,64542,9660,54224,0,16,0,1,10,0,103,29,16,91,0.0,117.12,0,285.35,43.9,0,899.95,43.9,192.62,1084.48,2667.32,2025-05,218478,427347,0,125,64,87.19
North America,2025-05-11,206,856,0,4290,4604,0,163,0,0,0,6,9,0,4,7,0,0,0,0,0,33.06,85.5,0,329.25,21.95,0,43.9,0.0,0.0,0.0,513.66,2025-05,10119,21754,0,195,91,87.19
North America,2025-05-12,58,5584,0,10031,7449,0,87783,123399,3722,53722,9,32,0,11,13,0,113,65,5,109,33.96,286.3,0,834.1,43.9,0,1075.55,65.85,74.16,1074.44,3488.26,2025-05,291748,561096,0,259,135,87.19
North America,2025-05-13,0,0,0,66,4831,0,42313,35915,5641,34550,0,0,0,0,3,0,43,11,11,39,0.0,0.0,0,43.9,21.95,0,482.9,21.95,112.54,691.0,1374.24,2025-05,123316,204279,0,150,91,87.19
North America,2025-05-14,94,4911,0,8352,7538,0,55774,57547,186,22705,14,20,0,8,5,0,51,34,0,33,74.34,207.3,0,658.5,43.9,0,570.7,21.95,3.72,454.1,2034.51,2025-05,157107,300631,0,158,83,87.19
North America,2025-05-15,20,11305,0,8864,9740,0,70818,101302,35799,66710,3,33,0,7,14,0,76,54,39,109,10.32,277.02,0,548.75,43.9,0,1009.7,65.85,712.08,1334.2,4001.82,2025-05,304558,545414,0,172,96,87.19
North America,2025-05-16,0,0,0,0,0,0,0,0,0,0,0,0,0,0,0,0,0,0,0,0,0.0,0,0,0.0,0.0,0,0.0,0.0,0.0,0.0,0.0,0,0,0,0,0,0,0.0
North America,2025-05-17,72,7248,0,14109,6803,0,95430,83180,3326,31937,9,35,0,12,9,0,71,43,0,45,36.96,328.84,0,856.05,43.9,0,1031.65,43.9,65.92,638.74,3045.96,2025-05,242105,496762,0,139,68,87.19
North America,2025-05-18,0,4515,0,3673,8669,0,43099,57421,31169,56538,0,16,0,2,17,0,44,60,26,86,0.0,138.92,0,351.2,43.9,0,987.75,43.9,620.94,1130.76,3317.37,2025-05,205084,404835,0,277,140,87.19
North America,2025-05-19,11,2851,0,6204,0,0,0,0,0,0,1,11,0,11,0,0,0,0,0,0,4.42,111.72,0,241.45,0.0,0,0.0,0.0,0.0,0.0,357.59,2025-05,9066,20152,0,313,141,87.19
North America,2025-05-20,40,5923,0,9724,11895,0,81074,117452,4225,32261,5,22,0,10,16,0,54,47,4,46,18.7,203.49,0,746.3,65.85,0,1382.85,65.85,83.96,645.22,3212.22,2025-05,262594,503142,0,365,190,87.19
North America,2025-05-21,0,1786,0,2397,5068,0,91159,55358,29980,58252,0,14,0,4,2,0,35,61,28,116,0.0,124.28,0,219.5,21.95,0,614.6,43.9,596.8,1165.04,2786.07,2025-05,244000,435485,0,471,264,87.19
North America,2025-05-22,5,2497,0,6397,5468,0,29918,0,0,0,1,9,0,7,1,0,28,0,0,0,4.42,96.33,0,329.25,21.95,0,395.1,0.0,0.0,0.0,847.05,2025-05,44285,126504,0,795,278,87.19
North America,2025-05-23,73,5277,0,11319,12909,0,336570,149699,6849,38108,8,25,0,7,14,0,108,71,5,79,32.02,219.8,0,878.0,65.85,0,1207.25,87.8,136.2,762.16,3389.08,2025-05,560804,815306,0,256,176,87.19
North America,2025-05-24,0,0,0,0,0,0,68520,25178,26345,38424,0,0,0,0,0,0,35,11,30,57,0.0,0.0,0,0.0,0.0,0,395.1,21.95,524.46,768.48,1709.99,2025-05,158467,233392,0,289,196,87.19
North America,2025-05-25,121,1515,0,9521,8515,0,272657,64186,292,27,11,2,0,5,7,0,98,27,1,0,54.91,19.0,0,658.5,43.9,0,790.2,21.95,5.82,0.54,1594.82,2025-05,356834,473764,0,264,199,87.19
North America,2025-05-26,83,969,0,8728,9935,0,229927,88258,11841,68521,9,5,0,10,15,0,88,45,12,128,30.96,44.03,0,548.75,43.9,0,1229.2,87.8,235.56,1370.42,3590.62,2025-05,418262,782889,0,216,115,87.19
North America,2025-05-27,0,0,0,0,0,0,0,0,0,0,0,0,0,0,0,0,0,0,0,0,0.0,0,0,0.0,0.0,0,0.0,0.0,0.0,0.0,0.0,0,0,0,0,0,0,0.0
North America,2025-05-28,0,0,0,11823,14041,0,1656,1616,589,15480,0,0,0,28,18,0,0,1,0,24,0.0,0.0,0,1207.25,87.8,0,878.0,87.8,11.72,309.6,2582.17,2025-05,45205,73849,0,153,94,87.19
North America,2025-05-29,0,0,0,0,0,0,0,0,0,0,0,0,0,0,0,0,0,0,0,0,0.0,0,0,0.0,0.0,0,0.0,0.0,0.0,0.0,0.0,0,0,0,0,0,0,0.0
North America,2025-05-30,0,0,0,15161,16905,0,1,0,0,14563,0,0,0,16,24,0,0,0,0,16,0.0,0.0,0,1207.25,87.8,0,21.95,0.0,0.0,291.26,1608.26,2025-05,46630,67237,0,148,103,87.19
North America,2025-05-31,89,0,0,11248,9130,0,0,0,0,0,5,0,0,7,11,0,0,0,0,0,23.19,0.0,0,658.5,43.9,0,0.0,0.0,0.0,0.0,725.59,2025-05,20467,33420,0,126,77,87.19
North America,2025-06-01,105,0,0,9549,10429,0,3,1,0,0,7,0,0,5,12,0,0,0,0,0,24.08,0.0,0,548.75,43.9,0,109.75,65.85,0.0,0.0,792.33,2025-06,20087,36291,0,126,70,87.19
North America,2025-06-02,1006,0,0,18187,18695,0,5,0,0,13599,91,0,0,21,17,0,0,0,0,27,340.03,0.0,0,1207.25,87.8,0,109.75,43.9,0.0,271.98,2060.71,2025-06,51492,80917,0,284,181,87.19
